IndicatorCode,Indicator,ValueType,ParentLocationCode,ParentLocation,Location type,SpatialDimValueCode,Location,Period type,Period,IsLatestYear,Dim1 type,Dim1,Dim1ValueCode,Dim2 type,Dim2,Dim2ValueCode,Dim3 type,Dim3,Dim3ValueCode,DataSourceDimValueCode,DataSource,FactValueNumericPrefix,FactValueNumeric,FactValueUoM,FactValueNumericLowPrefix,FactValueNumericLow,FactValueNumericHighPrefix,FactValueNumericHigh,Value,FactValueTranslationID,FactComments,Language,DateModified
GHED_CHEGDP_SHA2011,Current health expenditure (CHE) as percentage of gross domestic product (GDP) (%),numeric,EMR,Eastern Mediterranean,Country,AFG,Afghanistan,Year,2021,TRUE,,,,,,,,,,,,,21.83,,,,,,21.83,,,EN,2023-12-05
GHED_CHEGDP_SHA2011,Current health expenditure (CHE) as percentage of gross domestic product (GDP) (%),numeric,EMR,Eastern Mediterranean,Country,AFG,Afghanistan,Year,2020,FALSE,,,,,,,,,,,,,15.53,,,,,,15.53,,,EN,2023-12-05
GHED_CHEGDP_SHA2011,Current health expenditure (CHE) as percentage of gross domestic product (GDP) (%),numeric,AFR,Africa,Country,AGO,Angola,Year,2021,TRUE,,,,,,,,,,,,,2.96,,,,,,2.96,,,EN,2023-12-05
GHED_CHEGDP_SHA2011,Current health expenditure (CHE) as percentage of gross domestic product (GDP) (%),numeric,AFR,Africa,Country,AGO,Angola,Year,2020,FALSE,,,,,,,,,,,,,3.22,,,,,,3.22,,,EN,2023-12-05
GHED_CHEGDP_SHA2011,Current health expenditure (CHE) as percentage of gross domestic product (GDP) (%),numeric,EUR,Europe,Country,ALB,Albania,Year,2021,TRUE,,,,,,,,,,,,,7.27,,,,,,7.27,,,EN,2023-12-05
GHED_CHEGDP_SHA2011,Current health expenditure (CHE) as percentage of gross domestic product (GDP) (%),numeric,EUR,Europe,Country,ALB,Albania,Year,2020,FALSE,,,,,,,,,,,,,7.52,,,,,,7.52,,,EN,2023-12-05
GHED_CHEGDP_SHA2011,Current health expenditure (CHE) as percentage of gross domestic product (GDP) (%),numeric,EUR,Europe,Country,AND,Andorra,Year,2021,TRUE,,,,,,,,,,,,,8.33,,,,,,8.33,,,EN,2023-12-05
GHED_CHEGDP_SHA2011,Current health expenditure (CHE) as percentage of gross domestic product (GDP) (%),numeric,EUR,Europe,Country,AND,Andorra,Year,2020,FALSE,,,,,,,,,,,,,8.79,,,,,,8.79,,,EN,2023-12-05
GHED_CHEGDP_SHA2011,Current health expenditure (CHE) as percentage of gross domestic product (GDP) (%),numeric,EMR,Eastern Mediterranean,Country,ARE,United Arab Emirates,Year,2021,TRUE,,,,,,,,,,,,,5.31,,,,,,5.31,,,EN,2023-12-05
GHED_CHEGDP_SHA2011,Current health expenditure (CHE) as percentage of gross domestic product (GDP) (%),numeric,EMR,Eastern Mediterranean,Country,ARE,United Arab Emirates,Year,2020,FALSE,,,,,,,,,,,,,5.82,,,,,,5.82,,,EN,2023-12-05
GHED_CHEGDP_SHA2011,Current health expenditure (CHE) as percentage of gross domestic product (GDP) (%),numeric,AMR,Americas,Country,ARG,Argentina,Year,2021,TRUE,,,,,,,,,,,,,9.71,,,,,,9.71,,,EN,2023-12-05
GHED_CHEGDP_SHA2011,Current health expenditure (CHE) as percentage of gross domestic product (GDP) (%),numeric,AMR,Americas,Country,ARG,Argentina,Year,2020,FALSE,,,,,,,,,,,,,10.35,,,,,,10.35,,,EN,2023-12-05
GHED_CHEGDP_SHA2011,Current health expenditure (CHE) as percentage of gross domestic product (GDP) (%),numeric,EUR,Europe,Country,ARM,Armenia,Year,2021,TRUE,,,,,,,,,,,,,12.34,,,,,,12.34,,,EN,2023-12-05
GHED_CHEGDP_SHA2011,Current health expenditure (CHE) as percentage of gross domestic product (GDP) (%),numeric,EUR,Europe,Country,ARM,Armenia,Year,2020,FALSE,,,,,,,,,,,,,12.24,,,,,,12.24,,,EN,2023-12-05
GHED_CHEGDP_SHA2011,Current health expenditure (CHE) as percentage of gross domestic product (GDP) (%),numeric,AMR,Americas,Country,ATG,Antigua and Barbuda,Year,2021,TRUE,,,,,,,,,,,,,5.85,,,,,,5.85,,,EN,2023-12-05
GHED_CHEGDP_SHA2011,Current health expenditure (CHE) as percentage of gross domestic product (GDP) (%),numeric,AMR,Americas,Country,ATG,Antigua and Barbuda,Year,2020,FALSE,,,,,,,,,,,,,5.92,,,,,,5.92,,,EN,2023-12-05
GHED_CHEGDP_SHA2011,Current health expenditure (CHE) as percentage of gross domestic product (GDP) (%),numeric,WPR,Western Pacific,Country,AUS,Australia,Year,2021,TRUE,,,,,,,,,,,,,10.54,,,,,,10.54,,,EN,2023-12-05
GHED_CHEGDP_SHA2011,Current health expenditure (CHE) as percentage of gross domestic product (GDP) (%),numeric,WPR,Western Pacific,Country,AUS,Australia,Year,2020,FALSE,,,,,,,,,,,,,10.68,,,,,,10.68,,,EN,2023-12-05
GHED_CHEGDP_SHA2011,Current health expenditure (CHE) as percentage of gross domestic product (GDP) (%),numeric,EUR,Europe,Country,AUT,Austria,Year,2021,TRUE,,,,,,,,,,,,,12.10,,,,,,12.10,,,EN,2023-12-05
GHED_CHEGDP_SHA2011,Current health expenditure (CHE) as percentage of gross domestic product (GDP) (%),numeric,EUR,Europe,Country,AUT,Austria,Year,2020,FALSE,,,,,,,,,,,,,11.39,,,,,,11.39,,,EN,2023-12-05
GHED_CHEGDP_SHA2011,Current health expenditure (CHE) as percentage of gross domestic product (GDP) (%),numeric,EUR,Europe,Country,AZE,Azerbaijan,Year,2021,TRUE,,,,,,,,,,,,,4.70,,,,,,4.70,,,EN,2023-12-05
GHED_CHEGDP_SHA2011,Current health expenditure (CHE) as percentage of gross domestic product (GDP) (%),numeric,EUR,Europe,Country,AZE,Azerbaijan,Year,2020,FALSE,,,,,,,,,,,,,5.85,,,,,,5.85,,,EN,2023-12-05
GHED_CHEGDP_SHA2011,Current health expenditure (CHE) as percentage of gross domestic product (GDP) (%),numeric,AFR,Africa,Country,BDI,Burundi,Year,2021,TRUE,,,,,,,,,,,,,9.10,,,,,,9.10,,,EN,2023-12-05
GHED_CHEGDP_SHA2011,Current health expenditure (CHE) as percentage of gross domestic product (GDP) (%),numeric,AFR,Africa,Country,BDI,Burundi,Year,2020,FALSE,,,,,,,,,,,,,10.72,,,,,,10.72,,,EN,2023-12-05
GHED_CHEGDP_SHA2011,Current health expenditure (CHE) as percentage of gross domestic product (GDP) (%),numeric,EUR,Europe,Country,BEL,Belgium,Year,2021,TRUE,,,,,,,,,,,,,11.04,,,,,,11.04,,,EN,2023-12-05
GHED_CHEGDP_SHA2011,Current health expenditure (CHE) as percentage of gross domestic product (GDP) (%),numeric,EUR,Europe,Country,BEL,Belgium,Year,2020,FALSE,,,,,,,,,,,,,11.20,,,,,,11.20,,,EN,2023-12-05
GHED_CHEGDP_SHA2011,Current health expenditure (CHE) as percentage of gross domestic product (GDP) (%),numeric,AFR,Africa,Country,BEN,Benin,Year,2021,TRUE,,,,,,,,,,,,,2.58,,,,,,2.58,,,EN,2023-12-05
GHED_CHEGDP_SHA2011,Current health expenditure (CHE) as percentage of gross domestic product (GDP) (%),numeric,AFR,Africa,Country,BEN,Benin,Year,2020,FALSE,,,,,,,,,,,,,2.47,,,,,,2.47,,,EN,2023-12-05
GHED_CHEGDP_SHA2011,Current health expenditure (CHE) as percentage of gross domestic product (GDP) (%),numeric,AFR,Africa,Country,BFA,Burkina Faso,Year,2021,TRUE,,,,,,,,,,,,,6.38,,,,,,6.38,,,EN,2023-12-05
GHED_CHEGDP_SHA2011,Current health expenditure (CHE) as percentage of gross domestic product (GDP) (%),numeric,AFR,Africa,Country,BFA,Burkina Faso,Year,2020,FALSE,,,,,,,,,,,,,6.50,,,,,,6.50,,,EN,2023-12-05
GHED_CHEGDP_SHA2011,Current health expenditure (CHE) as percentage of gross domestic product (GDP) (%),numeric,SEAR,South-East Asia,Country,BGD,Bangladesh,Year,2021,TRUE,,,,,,,,,,,,,2.36,,,,,,2.36,,,EN,2023-12-05
GHED_CHEGDP_SHA2011,Current health expenditure (CHE) as percentage of gross domestic product (GDP) (%),numeric,SEAR,South-East Asia,Country,BGD,Bangladesh,Year,2020,FALSE,,,,,,,,,,,,,2.27,,,,,,2.27,,,EN,2023-12-05
GHED_CHEGDP_SHA2011,Current health expenditure (CHE) as percentage of gross domestic product (GDP) (%),numeric,EUR,Europe,Country,BGR,Bulgaria,Year,2021,TRUE,,,,,,,,,,,,,8.56,,,,,,8.56,,,EN,2023-12-05
GHED_CHEGDP_SHA2011,Current health expenditure (CHE) as percentage of gross domestic product (GDP) (%),numeric,EUR,Europe,Country,BGR,Bulgaria,Year,2020,FALSE,,,,,,,,,,,,,8.48,,,,,,8.48,,,EN,2023-12-05
GHED_CHEGDP_SHA2011,Current health expenditure (CHE) as percentage of gross domestic product (GDP) (%),numeric,EMR,Eastern Mediterranean,Country,BHR,Bahrain,Year,2021,TRUE,,,,,,,,,,,,,4.27,,,,,,4.27,,,EN,2023-12-05
GHED_CHEGDP_SHA2011,Current health expenditure (CHE) as percentage of gross domestic product (GDP) (%),numeric,EMR,Eastern Mediterranean,Country,BHR,Bahrain,Year,2020,FALSE,,,,,,,,,,,,,4.72,,,,,,4.72,,,EN,2023-12-05
GHED_CHEGDP_SHA2011,Current health expenditure (CHE) as percentage of gross domestic product (GDP) (%),numeric,AMR,Americas,Country,BHS,Bahamas,Year,2021,TRUE,,,,,,,,,,,,,7.14,,,,,,7.14,,,EN,2023-12-05
GHED_CHEGDP_SHA2011,Current health expenditure (CHE) as percentage of gross domestic product (GDP) (%),numeric,AMR,Americas,Country,BHS,Bahamas,Year,2020,FALSE,,,,,,,,,,,,,7.65,,,,,,7.65,,,EN,2023-12-05
GHED_CHEGDP_SHA2011,Current health expenditure (CHE) as percentage of gross domestic product (GDP) (%),numeric,EUR,Europe,Country,BIH,Bosnia and Herzegovina,Year,2021,TRUE,,,,,,,,,,,,,9.56,,,,,,9.56,,,EN,2023-12-05
GHED_CHEGDP_SHA2011,Current health expenditure (CHE) as percentage of gross domestic product (GDP) (%),numeric,EUR,Europe,Country,BIH,Bosnia and Herzegovina,Year,2020,FALSE,,,,,,,,,,,,,9.70,,,,,,9.70,,,EN,2023-12-05
GHED_CHEGDP_SHA2011,Current health expenditure (CHE) as percentage of gross domestic product (GDP) (%),numeric,EUR,Europe,Country,BLR,Belarus,Year,2021,TRUE,,,,,,,,,,,,,6.57,,,,,,6.57,,,EN,2023-12-05
GHED_CHEGDP_SHA2011,Current health expenditure (CHE) as percentage of gross domestic product (GDP) (%),numeric,EUR,Europe,Country,BLR,Belarus,Year,2020,FALSE,,,,,,,,,,,,,6.41,,,,,,6.41,,,EN,2023-12-05
GHED_CHEGDP_SHA2011,Current health expenditure (CHE) as percentage of gross domestic product (GDP) (%),numeric,AMR,Americas,Country,BLZ,Belize,Year,2021,TRUE,,,,,,,,,,,,,4.98,,,,,,4.98,,,EN,2023-12-05
GHED_CHEGDP_SHA2011,Current health expenditure (CHE) as percentage of gross domestic product (GDP) (%),numeric,AMR,Americas,Country,BLZ,Belize,Year,2020,FALSE,,,,,,,,,,,,,5.31,,,,,,5.31,,,EN,2023-12-05
GHED_CHEGDP_SHA2011,Current health expenditure (CHE) as percentage of gross domestic product (GDP) (%),numeric,AMR,Americas,Country,BOL,Bolivia,Year,2021,TRUE,,,,,,,,,,,,,8.16,,,,,,8.16,,,EN,2023-12-05
GHED_CHEGDP_SHA2011,Current health expenditure (CHE) as percentage of gross domestic product (GDP) (%),numeric,AMR,Americas,Country,BOL,Bolivia,Year,2020,FALSE,,,,,,,,,,,,,8.02,,,,,,8.02,,,EN,2023-12-05
GHED_CHEGDP_SHA2011,Current health expenditure (CHE) as percentage of gross domestic product (GDP) (%),numeric,AMR,Americas,Country,BRA,Brazil,Year,2021,TRUE,,,,,,,,,,,,,9.89,,,,,,9.89,,,EN,2023-12-05
GHED_CHEGDP_SHA2011,Current health expenditure (CHE) as percentage of gross domestic product (GDP) (%),numeric,AMR,Americas,Country,BRA,Brazil,Year,2020,FALSE,,,,,,,,,,,,,10.18,,,,,,10.18,,,EN,2023-12-05
GHED_CHEGDP_SHA2011,Current health expenditure (CHE) as percentage of gross domestic product (GDP) (%),numeric,AMR,Americas,Country,BRB,Barbados,Year,2021,TRUE,,,,,,,,,,,,,8.09,,,,,,8.09,,,EN,2023-12-05
GHED_CHEGDP_SHA2011,Current health expenditure (CHE) as percentage of gross domestic product (GDP) (%),numeric,AMR,Americas,Country,BRB,Barbados,Year,2020,FALSE,,,,,,,,,,,,,7.37,,,,,,7.37,,,EN,2023-12-05
GHED_CHEGDP_SHA2011,Current health expenditure (CHE) as percentage of gross domestic product (GDP) (%),numeric,WPR,Western Pacific,Country,BRN,Brunei,Year,2021,TRUE,,,,,,,,,,,,,2.20,,,,,,2.20,,,EN,2023-12-05
GHED_CHEGDP_SHA2011,Current health expenditure (CHE) as percentage of gross domestic product (GDP) (%),numeric,WPR,Western Pacific,Country,BRN,Brunei,Year,2020,FALSE,,,,,,,,,,,,,2.39,,,,,,2.39,,,EN,2023-12-05
GHED_CHEGDP_SHA2011,Current health expenditure (CHE) as percentage of gross domestic product (GDP) (%),numeric,SEAR,South-East Asia,Country,BTN,Bhutan,Year,2021,TRUE,,,,,,,,,,,,,3.85,,,,,,3.85,,,EN,2023-12-05
GHED_CHEGDP_SHA2011,Current health expenditure (CHE) as percentage of gross domestic product (GDP) (%),numeric,SEAR,South-East Asia,Country,BTN,Bhutan,Year,2020,FALSE,,,,,,,,,,,,,4.36,,,,,,4.36,,,EN,2023-12-05
GHED_CHEGDP_SHA2011,Current health expenditure (CHE) as percentage of gross domestic product (GDP) (%),numeric,AFR,Africa,Country,BWA,Botswana,Year,2021,TRUE,,,,,,,,,,,,,6.31,,,,,,6.31,,,EN,2023-12-05
GHED_CHEGDP_SHA2011,Current health expenditure (CHE) as percentage of gross domestic product (GDP) (%),numeric,AFR,Africa,Country,BWA,Botswana,Year,2020,FALSE,,,,,,,,,,,,,6.12,,,,,,6.12,,,EN,2023-12-05
GHED_CHEGDP_SHA2011,Current health expenditure (CHE) as percentage of gross domestic product (GDP) (%),numeric,AFR,Africa,Country,CAF,Central African Republic,Year,2021,TRUE,,,,,,,,,,,,,9.07,,,,,,9.07,,,EN,2023-12-05
GHED_CHEGDP_SHA2011,Current health expenditure (CHE) as percentage of gross domestic product (GDP) (%),numeric,AFR,Africa,Country,CAF,Central African Republic,Year,2020,FALSE,,,,,,,,,,,,,8.99,,,,,,8.99,,,EN,2023-12-05
GHED_CHEGDP_SHA2011,Current health expenditure (CHE) as percentage of gross domestic product (GDP) (%),numeric,AMR,Americas,Country,CAN,Canada,Year,2021,TRUE,,,,,,,,,,,,,12.33,,,,,,12.33,,,EN,2023-12-05
GHED_CHEGDP_SHA2011,Current health expenditure (CHE) as percentage of gross domestic product (GDP) (%),numeric,AMR,Americas,Country,CAN,Canada,Year,2020,FALSE,,,,,,,,,,,,,13.04,,,,,,13.04,,,EN,2023-12-05
GHED_CHEGDP_SHA2011,Current health expenditure (CHE) as percentage of gross domestic product (GDP) (%),numeric,EUR,Europe,Country,CHE,Switzerland,Year,2021,TRUE,,,,,,,,,,,,,11.80,,,,,,11.80,,,EN,2023-12-05
GHED_CHEGDP_SHA2011,Current health expenditure (CHE) as percentage of gross domestic product (GDP) (%),numeric,EUR,Europe,Country,CHE,Switzerland,Year,2020,FALSE,,,,,,,,,,,,,11.73,,,,,,11.73,,,EN,2023-12-05
GHED_CHEGDP_SHA2011,Current health expenditure (CHE) as percentage of gross domestic product (GDP) (%),numeric,AMR,Americas,Country,CHL,Chile,Year,2021,TRUE,,,,,,,,,,,,,9.34,,,,,,9.34,,,EN,2023-12-05
GHED_CHEGDP_SHA2011,Current health expenditure (CHE) as percentage of gross domestic product (GDP) (%),numeric,AMR,Americas,Country,CHL,Chile,Year,2020,FALSE,,,,,,,,,,,,,9.73,,,,,,9.73,,,EN,2023-12-05
GHED_CHEGDP_SHA2011,Current health expenditure (CHE) as percentage of gross domestic product (GDP) (%),numeric,WPR,Western Pacific,Country,CHN,China,Year,2021,TRUE,,,,,,,,,,,,,5.38,,,,,,5.38,,,EN,2023-12-05
GHED_CHEGDP_SHA2011,Current health expenditure (CHE) as percentage of gross domestic product (GDP) (%),numeric,WPR,Western Pacific,Country,CHN,China,Year,2020,FALSE,,,,,,,,,,,,,5.59,,,,,,5.59,,,EN,2023-12-05
GHED_CHEGDP_SHA2011,Current health expenditure (CHE) as percentage of gross domestic product (GDP) (%),numeric,AFR,Africa,Country,CIV,Cote d'Ivoire,Year,2021,TRUE,,,,,,,,,,,,,3.13,,,,,,3.13,,,EN,2023-12-05
GHED_CHEGDP_SHA2011,Current health expenditure (CHE) as percentage of gross domestic product (GDP) (%),numeric,AFR,Africa,Country,CIV,Cote d'Ivoire,Year,2020,FALSE,,,,,,,,,,,,,3.63,,,,,,3.63,,,EN,2023-12-05
GHED_CHEGDP_SHA2011,Current health expenditure (CHE) as percentage of gross domestic product (GDP) (%),numeric,AFR,Africa,Country,CMR,Cameroon,Year,2021,TRUE,,,,,,,,,,,,,3.82,,,,,,3.82,,,EN,2023-12-05
GHED_CHEGDP_SHA2011,Current health expenditure (CHE) as percentage of gross domestic product (GDP) (%),numeric,AFR,Africa,Country,CMR,Cameroon,Year,2020,FALSE,,,,,,,,,,,,,3.77,,,,,,3.77,,,EN,2023-12-05
GHED_CHEGDP_SHA2011,Current health expenditure (CHE) as percentage of gross domestic product (GDP) (%),numeric,AFR,Africa,Country,COD,Congo (Kinshasa),Year,2021,TRUE,,,,,,,,,,,,,3.79,,,,,,3.79,,,EN,2023-12-05
GHED_CHEGDP_SHA2011,Current health expenditure (CHE) as percentage of gross domestic product (GDP) (%),numeric,AFR,Africa,Country,COD,Congo (Kinshasa),Year,2020,FALSE,,,,,,,,,,,,,4.05,,,,,,4.05,,,EN,2023-12-05
GHED_CHEGDP_SHA2011,Current health expenditure (CHE) as percentage of gross domestic product (GDP) (%),numeric,AFR,Africa,Country,COG,Congo (Brazzaville),Year,2021,TRUE,,,,,,,,,,,,,3.88,,,,,,3.88,,,EN,2023-12-05
GHED_CHEGDP_SHA2011,Current health expenditure (CHE) as percentage of gross domestic product (GDP) (%),numeric,AFR,Africa,Country,COG,Congo (Brazzaville),Year,2020,FALSE,,,,,,,,,,,,,4.39,,,,,,4.39,,,EN,2023-12-05
GHED_CHEGDP_SHA2011,Current health expenditure (CHE) as percentage of gross domestic product (GDP) (%),numeric,WPR,Western Pacific,Country,COK,Cook Islands,Year,2021,TRUE,,,,,,,,,,,,,3.82,,,,,,3.82,,,EN,2023-12-05
GHED_CHEGDP_SHA2011,Current health expenditure (CHE) as percentage of gross domestic product (GDP) (%),numeric,WPR,Western Pacific,Country,COK,Cook Islands,Year,2020,FALSE,,,,,,,,,,,,,3.65,,,,,,3.65,,,EN,2023-12-05
GHED_CHEGDP_SHA2011,Current health expenditure (CHE) as percentage of gross domestic product (GDP) (%),numeric,AMR,Americas,Country,COL,Colombia,Year,2021,TRUE,,,,,,,,,,,,,9.02,,,,,,9.02,,,EN,2023-12-05
GHED_CHEGDP_SHA2011,Current health expenditure (CHE) as percentage of gross domestic product (GDP) (%),numeric,AMR,Americas,Country,COL,Colombia,Year,2020,FALSE,,,,,,,,,,,,,8.71,,,,,,8.71,,,EN,2023-12-05
GHED_CHEGDP_SHA2011,Current health expenditure (CHE) as percentage of gross domestic product (GDP) (%),numeric,AFR,Africa,Country,COM,Comoros,Year,2021,TRUE,,,,,,,,,,,,,6.34,,,,,,6.34,,,EN,2023-12-05
GHED_CHEGDP_SHA2011,Current health expenditure (CHE) as percentage of gross domestic product (GDP) (%),numeric,AFR,Africa,Country,COM,Comoros,Year,2020,FALSE,,,,,,,,,,,,,5.87,,,,,,5.87,,,EN,2023-12-05
GHED_CHEGDP_SHA2011,Current health expenditure (CHE) as percentage of gross domestic product (GDP) (%),numeric,AFR,Africa,Country,CPV,Cabo Verde,Year,2021,TRUE,,,,,,,,,,,,,6.90,,,,,,6.90,,,EN,2023-12-05
GHED_CHEGDP_SHA2011,Current health expenditure (CHE) as percentage of gross domestic product (GDP) (%),numeric,AFR,Africa,Country,CPV,Cabo Verde,Year,2020,FALSE,,,,,,,,,,,,,6.12,,,,,,6.12,,,EN,2023-12-05
GHED_CHEGDP_SHA2011,Current health expenditure (CHE) as percentage of gross domestic product (GDP) (%),numeric,AMR,Americas,Country,CRI,Costa Rica,Year,2021,TRUE,,,,,,,,,,,,,7.57,,,,,,7.57,,,EN,2023-12-05
GHED_CHEGDP_SHA2011,Current health expenditure (CHE) as percentage of gross domestic product (GDP) (%),numeric,AMR,Americas,Country,CRI,Costa Rica,Year,2020,FALSE,,,,,,,,,,,,,7.83,,,,,,7.83,,,EN,2023-12-05
GHED_CHEGDP_SHA2011,Current health expenditure (CHE) as percentage of gross domestic product (GDP) (%),numeric,AMR,Americas,Country,CUB,Cuba,Year,2021,TRUE,,,,,,,,,,,,,13.79,,,,,,13.79,,,EN,2023-12-05
GHED_CHEGDP_SHA2011,Current health expenditure (CHE) as percentage of gross domestic product (GDP) (%),numeric,AMR,Americas,Country,CUB,Cuba,Year,2020,FALSE,,,,,,,,,,,,,12.49,,,,,,12.49,,,EN,2023-12-05
GHED_CHEGDP_SHA2011,Current health expenditure (CHE) as percentage of gross domestic product (GDP) (%),numeric,EUR,Europe,Country,CYP,Cyprus,Year,2021,TRUE,,,,,,,,,,,,,9.43,,,,,,9.43,,,EN,2023-12-05
GHED_CHEGDP_SHA2011,Current health expenditure (CHE) as percentage of gross domestic product (GDP) (%),numeric,EUR,Europe,Country,CYP,Cyprus,Year,2020,FALSE,,,,,,,,,,,,,8.41,,,,,,8.41,,,EN,2023-12-05
GHED_CHEGDP_SHA2011,Current health expenditure (CHE) as percentage of gross domestic product (GDP) (%),numeric,EUR,Europe,Country,CZE,Czechia,Year,2021,TRUE,,,,,,,,,,,,,9.49,,,,,,9.49,,,EN,2023-12-05
GHED_CHEGDP_SHA2011,Current health expenditure (CHE) as percentage of gross domestic product (GDP) (%),numeric,EUR,Europe,Country,CZE,Czechia,Year,2020,FALSE,,,,,,,,,,,,,9.21,,,,,,9.21,,,EN,2023-12-05
GHED_CHEGDP_SHA2011,Current health expenditure (CHE) as percentage of gross domestic product (GDP) (%),numeric,EUR,Europe,Country,DEU,Germany,Year,2021,TRUE,,,,,,,,,,,,,12.93,,,,,,12.93,,,EN,2023-12-05
GHED_CHEGDP_SHA2011,Current health expenditure (CHE) as percentage of gross domestic product (GDP) (%),numeric,EUR,Europe,Country,DEU,Germany,Year,2020,FALSE,,,,,,,,,,,,,12.69,,,,,,12.69,,,EN,2023-12-05
GHED_CHEGDP_SHA2011,Current health expenditure (CHE) as percentage of gross domestic product (GDP) (%),numeric,EMR,Eastern Mediterranean,Country,DJI,Djibouti,Year,2021,TRUE,,,,,,,,,,,,,2.88,,,,,,2.88,,,EN,2023-12-05
GHED_CHEGDP_SHA2011,Current health expenditure (CHE) as percentage of gross domestic product (GDP) (%),numeric,EMR,Eastern Mediterranean,Country,DJI,Djibouti,Year,2020,FALSE,,,,,,,,,,,,,2.15,,,,,,2.15,,,EN,2023-12-05
GHED_CHEGDP_SHA2011,Current health expenditure (CHE) as percentage of gross domestic product (GDP) (%),numeric,AMR,Americas,Country,DMA,Dominica,Year,2021,TRUE,,,,,,,,,,,,,6.50,,,,,,6.50,,,EN,2023-12-05
GHED_CHEGDP_SHA2011,Current health expenditure (CHE) as percentage of gross domestic product (GDP) (%),numeric,AMR,Americas,Country,DMA,Dominica,Year,2020,FALSE,,,,,,,,,,,,,6.00,,,,,,6.00,,,EN,2023-12-05
GHED_CHEGDP_SHA2011,Current health expenditure (CHE) as percentage of gross domestic product (GDP) (%),numeric,EUR,Europe,Country,DNK,Denmark,Year,2021,TRUE,,,,,,,,,,,,,10.82,,,,,,10.82,,,EN,2023-12-05
GHED_CHEGDP_SHA2011,Current health expenditure (CHE) as percentage of gross domestic product (GDP) (%),numeric,EUR,Europe,Country,DNK,Denmark,Year,2020,FALSE,,,,,,,,,,,,,10.56,,,,,,10.56,,,EN,2023-12-05
GHED_CHEGDP_SHA2011,Current health expenditure (CHE) as percentage of gross domestic product (GDP) (%),numeric,AMR,Americas,Country,DOM,Dominican Republic,Year,2021,TRUE,,,,,,,,,,,,,4.92,,,,,,4.92,,,EN,2023-12-05
GHED_CHEGDP_SHA2011,Current health expenditure (CHE) as percentage of gross domestic product (GDP) (%),numeric,AMR,Americas,Country,DOM,Dominican Republic,Year,2020,FALSE,,,,,,,,,,,,,4.94,,,,,,4.94,,,EN,2023-12-05
GHED_CHEGDP_SHA2011,Current health expenditure (CHE) as percentage of gross domestic product (GDP) (%),numeric,AFR,Africa,Country,DZA,Algeria,Year,2021,TRUE,,,,,,,,,,,,,5.53,,,,,,5.53,,,EN,2023-12-05
GHED_CHEGDP_SHA2011,Current health expenditure (CHE) as percentage of gross domestic product (GDP) (%),numeric,AFR,Africa,Country,DZA,Algeria,Year,2020,FALSE,,,,,,,,,,,,,6.14,,,,,,6.14,,,EN,2023-12-05
GHED_CHEGDP_SHA2011,Current health expenditure (CHE) as percentage of gross domestic product (GDP) (%),numeric,AMR,Americas,Country,ECU,Ecuador,Year,2021,TRUE,,,,,,,,,,,,,8.29,,,,,,8.29,,,EN,2023-12-05
GHED_CHEGDP_SHA2011,Current health expenditure (CHE) as percentage of gross domestic product (GDP) (%),numeric,AMR,Americas,Country,ECU,Ecuador,Year,2020,FALSE,,,,,,,,,,,,,8.36,,,,,,8.36,,,EN,2023-12-05
GHED_CHEGDP_SHA2011,Current health expenditure (CHE) as percentage of gross domestic product (GDP) (%),numeric,EMR,Eastern Mediterranean,Country,EGY,Egypt,Year,2021,TRUE,,,,,,,,,,,,,4.61,,,,,,4.61,,,EN,2023-12-05
GHED_CHEGDP_SHA2011,Current health expenditure (CHE) as percentage of gross domestic product (GDP) (%),numeric,EMR,Eastern Mediterranean,Country,EGY,Egypt,Year,2020,FALSE,,,,,,,,,,,,,4.15,,,,,,4.15,,,EN,2023-12-05
GHED_CHEGDP_SHA2011,Current health expenditure (CHE) as percentage of gross domestic product (GDP) (%),numeric,AFR,Africa,Country,ERI,Eritrea,Year,2021,TRUE,,,,,,,,,,,,,4.15,,,,,,4.15,,,EN,2023-12-05
GHED_CHEGDP_SHA2011,Current health expenditure (CHE) as percentage of gross domestic product (GDP) (%),numeric,AFR,Africa,Country,ERI,Eritrea,Year,2020,FALSE,,,,,,,,,,,,,4.16,,,,,,4.16,,,EN,2023-12-05
GHED_CHEGDP_SHA2011,Current health expenditure (CHE) as percentage of gross domestic product (GDP) (%),numeric,EUR,Europe,Country,ESP,Spain,Year,2021,TRUE,,,,,,,,,,,,,10.74,,,,,,10.74,,,EN,2023-12-05
GHED_CHEGDP_SHA2011,Current health expenditure (CHE) as percentage of gross domestic product (GDP) (%),numeric,EUR,Europe,Country,ESP,Spain,Year,2020,FALSE,,,,,,,,,,,,,10.75,,,,,,10.75,,,EN,2023-12-05
GHED_CHEGDP_SHA2011,Current health expenditure (CHE) as percentage of gross domestic product (GDP) (%),numeric,EUR,Europe,Country,EST,Estonia,Year,2021,TRUE,,,,,,,,,,,,,7.49,,,,,,7.49,,,EN,2023-12-05
GHED_CHEGDP_SHA2011,Current health expenditure (CHE) as percentage of gross domestic product (GDP) (%),numeric,EUR,Europe,Country,EST,Estonia,Year,2020,FALSE,,,,,,,,,,,,,7.58,,,,,,7.58,,,EN,2023-12-05
GHED_CHEGDP_SHA2011,Current health expenditure (CHE) as percentage of gross domestic product (GDP) (%),numeric,AFR,Africa,Country,ETH,Ethiopia,Year,2021,TRUE,,,,,,,,,,,,,3.21,,,,,,3.21,,,EN,2023-12-05
GHED_CHEGDP_SHA2011,Current health expenditure (CHE) as percentage of gross domestic product (GDP) (%),numeric,AFR,Africa,Country,ETH,Ethiopia,Year,2020,FALSE,,,,,,,,,,,,,3.48,,,,,,3.48,,,EN,2023-12-05
GHED_CHEGDP_SHA2011,Current health expenditure (CHE) as percentage of gross domestic product (GDP) (%),numeric,EUR,Europe,Country,FIN,Finland,Year,2021,TRUE,,,,,,,,,,,,,10.25,,,,,,10.25,,,EN,2023-12-05
GHED_CHEGDP_SHA2011,Current health expenditure (CHE) as percentage of gross domestic product (GDP) (%),numeric,EUR,Europe,Country,FIN,Finland,Year,2020,FALSE,,,,,,,,,,,,,9.63,,,,,,9.63,,,EN,2023-12-05
GHED_CHEGDP_SHA2011,Current health expenditure (CHE) as percentage of gross domestic product (GDP) (%),numeric,WPR,Western Pacific,Country,FJI,Fiji,Year,2021,TRUE,,,,,,,,,,,,,5.38,,,,,,5.38,,,EN,2023-12-05
GHED_CHEGDP_SHA2011,Current health expenditure (CHE) as percentage of gross domestic product (GDP) (%),numeric,WPR,Western Pacific,Country,FJI,Fiji,Year,2020,FALSE,,,,,,,,,,,,,4.77,,,,,,4.77,,,EN,2023-12-05
GHED_CHEGDP_SHA2011,Current health expenditure (CHE) as percentage of gross domestic product (GDP) (%),numeric,EUR,Europe,Country,FRA,France,Year,2021,TRUE,,,,,,,,,,,,,12.31,,,,,,12.31,,,EN,2023-12-05
GHED_CHEGDP_SHA2011,Current health expenditure (CHE) as percentage of gross domestic product (GDP) (%),numeric,EUR,Europe,Country,FRA,France,Year,2020,FALSE,,,,,,,,,,,,,12.13,,,,,,12.13,,,EN,2023-12-05
GHED_CHEGDP_SHA2011,Current health expenditure (CHE) as percentage of gross domestic product (GDP) (%),numeric,WPR,Western Pacific,Country,FSM,Micronesia,Year,2021,TRUE,,,,,,,,,,,,,10.96,,,,,,10.96,,,EN,2023-12-05
GHED_CHEGDP_SHA2011,Current health expenditure (CHE) as percentage of gross domestic product (GDP) (%),numeric,WPR,Western Pacific,Country,FSM,Micronesia,Year,2020,FALSE,,,,,,,,,,,,,10.85,,,,,,10.85,,,EN,2023-12-05
GHED_CHEGDP_SHA2011,Current health expenditure (CHE) as percentage of gross domestic product (GDP) (%),numeric,AFR,Africa,Country,GAB,Gabon,Year,2021,TRUE,,,,,,,,,,,,,2.71,,,,,,2.71,,,EN,2023-12-05
GHED_CHEGDP_SHA2011,Current health expenditure (CHE) as percentage of gross domestic product (GDP) (%),numeric,AFR,Africa,Country,GAB,Gabon,Year,2020,FALSE,,,,,,,,,,,,,3.41,,,,,,3.41,,,EN,2023-12-05
GHED_CHEGDP_SHA2011,Current health expenditure (CHE) as percentage of gross domestic product (GDP) (%),numeric,EUR,Europe,Country,GBR,United Kingdom,Year,2021,TRUE,,,,,,,,,,,,,12.36,,,,,,12.36,,,EN,2023-12-05
GHED_CHEGDP_SHA2011,Current health expenditure (CHE) as percentage of gross domestic product (GDP) (%),numeric,EUR,Europe,Country,GBR,United Kingdom,Year,2020,FALSE,,,,,,,,,,,,,12.16,,,,,,12.16,,,EN,2023-12-05
GHED_CHEGDP_SHA2011,Current health expenditure (CHE) as percentage of gross domestic product (GDP) (%),numeric,EUR,Europe,Country,GEO,Georgia,Year,2021,TRUE,,,,,,,,,,,,,8.42,,,,,,8.42,,,EN,2023-12-05
GHED_CHEGDP_SHA2011,Current health expenditure (CHE) as percentage of gross domestic product (GDP) (%),numeric,EUR,Europe,Country,GEO,Georgia,Year,2020,FALSE,,,,,,,,,,,,,8.43,,,,,,8.43,,,EN,2023-12-05
GHED_CHEGDP_SHA2011,Current health expenditure (CHE) as percentage of gross domestic product (GDP) (%),numeric,AFR,Africa,Country,GHA,Ghana,Year,2021,TRUE,,,,,,,,,,,,,4.15,,,,,,4.15,,,EN,2023-12-05
GHED_CHEGDP_SHA2011,Current health expenditure (CHE) as percentage of gross domestic product (GDP) (%),numeric,AFR,Africa,Country,GHA,Ghana,Year,2020,FALSE,,,,,,,,,,,,,4.02,,,,,,4.02,,,EN,2023-12-05
GHED_CHEGDP_SHA2011,Current health expenditure (CHE) as percentage of gross domestic product (GDP) (%),numeric,AFR,Africa,Country,GIN,Guinea,Year,2021,TRUE,,,,,,,,,,,,,3.76,,,,,,3.76,,,EN,2023-12-05
GHED_CHEGDP_SHA2011,Current health expenditure (CHE) as percentage of gross domestic product (GDP) (%),numeric,AFR,Africa,Country,GIN,Guinea,Year,2020,FALSE,,,,,,,,,,,,,3.88,,,,,,3.88,,,EN,2023-12-05
GHED_CHEGDP_SHA2011,Current health expenditure (CHE) as percentage of gross domestic product (GDP) (%),numeric,AFR,Africa,Country,GMB,Gambia,Year,2021,TRUE,,,,,,,,,,,,,3.19,,,,,,3.19,,,EN,2023-12-05
GHED_CHEGDP_SHA2011,Current health expenditure (CHE) as percentage of gross domestic product (GDP) (%),numeric,AFR,Africa,Country,GMB,Gambia,Year,2020,FALSE,,,,,,,,,,,,,3.73,,,,,,3.73,,,EN,2023-12-05
GHED_CHEGDP_SHA2011,Current health expenditure (CHE) as percentage of gross domestic product (GDP) (%),numeric,AFR,Africa,Country,GNB,Guinea-Bissau,Year,2021,TRUE,,,,,,,,,,,,,8.22,,,,,,8.22,,,EN,2023-12-05
GHED_CHEGDP_SHA2011,Current health expenditure (CHE) as percentage of gross domestic product (GDP) (%),numeric,AFR,Africa,Country,GNB,Guinea-Bissau,Year,2020,FALSE,,,,,,,,,,,,,9.02,,,,,,9.02,,,EN,2023-12-05
GHED_CHEGDP_SHA2011,Current health expenditure (CHE) as percentage of gross domestic product (GDP) (%),numeric,AFR,Africa,Country,GNQ,Equatorial Guinea,Year,2021,TRUE,,,,,,,,,,,,,3.40,,,,,,3.40,,,EN,2023-12-05
GHED_CHEGDP_SHA2011,Current health expenditure (CHE) as percentage of gross domestic product (GDP) (%),numeric,AFR,Africa,Country,GNQ,Equatorial Guinea,Year,2020,FALSE,,,,,,,,,,,,,3.90,,,,,,3.90,,,EN,2023-12-05
GHED_CHEGDP_SHA2011,Current health expenditure (CHE) as percentage of gross domestic product (GDP) (%),numeric,EUR,Europe,Country,GRC,Greece,Year,2021,TRUE,,,,,,,,,,,,,9.17,,,,,,9.17,,,EN,2023-12-05
GHED_CHEGDP_SHA2011,Current health expenditure (CHE) as percentage of gross domestic product (GDP) (%),numeric,EUR,Europe,Country,GRC,Greece,Year,2020,FALSE,,,,,,,,,,,,,9.50,,,,,,9.50,,,EN,2023-12-05
GHED_CHEGDP_SHA2011,Current health expenditure (CHE) as percentage of gross domestic product (GDP) (%),numeric,AMR,Americas,Country,GRD,Grenada,Year,2021,TRUE,,,,,,,,,,,,,5.70,,,,,,5.70,,,EN,2023-12-05
GHED_CHEGDP_SHA2011,Current health expenditure (CHE) as percentage of gross domestic product (GDP) (%),numeric,AMR,Americas,Country,GRD,Grenada,Year,2020,FALSE,,,,,,,,,,,,,5.56,,,,,,5.56,,,EN,2023-12-05
GHED_CHEGDP_SHA2011,Current health expenditure (CHE) as percentage of gross domestic product (GDP) (%),numeric,AMR,Americas,Country,GTM,Guatemala,Year,2021,TRUE,,,,,,,,,,,,,6.90,,,,,,6.90,,,EN,2023-12-05
GHED_CHEGDP_SHA2011,Current health expenditure (CHE) as percentage of gross domestic product (GDP) (%),numeric,AMR,Americas,Country,GTM,Guatemala,Year,2020,FALSE,,,,,,,,,,,,,6.47,,,,,,6.47,,,EN,2023-12-05
GHED_CHEGDP_SHA2011,Current health expenditure (CHE) as percentage of gross domestic product (GDP) (%),numeric,AMR,Americas,Country,GUY,Guyana,Year,2021,TRUE,,,,,,,,,,,,,4.94,,,,,,4.94,,,EN,2023-12-05
GHED_CHEGDP_SHA2011,Current health expenditure (CHE) as percentage of gross domestic product (GDP) (%),numeric,AMR,Americas,Country,GUY,Guyana,Year,2020,FALSE,,,,,,,,,,,,,5.51,,,,,,5.51,,,EN,2023-12-05
GHED_CHEGDP_SHA2011,Current health expenditure (CHE) as percentage of gross domestic product (GDP) (%),numeric,AMR,Americas,Country,HND,Honduras,Year,2021,TRUE,,,,,,,,,,,,,9.16,,,,,,9.16,,,EN,2023-12-05
GHED_CHEGDP_SHA2011,Current health expenditure (CHE) as percentage of gross domestic product (GDP) (%),numeric,AMR,Americas,Country,HND,Honduras,Year,2020,FALSE,,,,,,,,,,,,,9.04,,,,,,9.04,,,EN,2023-12-05
GHED_CHEGDP_SHA2011,Current health expenditure (CHE) as percentage of gross domestic product (GDP) (%),numeric,EUR,Europe,Country,HRV,Croatia,Year,2021,TRUE,,,,,,,,,,,,,8.10,,,,,,8.10,,,EN,2023-12-05
GHED_CHEGDP_SHA2011,Current health expenditure (CHE) as percentage of gross domestic product (GDP) (%),numeric,EUR,Europe,Country,HRV,Croatia,Year,2020,FALSE,,,,,,,,,,,,,7.72,,,,,,7.72,,,EN,2023-12-05
GHED_CHEGDP_SHA2011,Current health expenditure (CHE) as percentage of gross domestic product (GDP) (%),numeric,AMR,Americas,Country,HTI,Haiti,Year,2021,TRUE,,,,,,,,,,,,,3.48,,,,,,3.48,,,EN,2023-12-05
GHED_CHEGDP_SHA2011,Current health expenditure (CHE) as percentage of gross domestic product (GDP) (%),numeric,AMR,Americas,Country,HTI,Haiti,Year,2020,FALSE,,,,,,,,,,,,,3.22,,,,,,3.22,,,EN,2023-12-05
GHED_CHEGDP_SHA2011,Current health expenditure (CHE) as percentage of gross domestic product (GDP) (%),numeric,EUR,Europe,Country,HUN,Hungary,Year,2021,TRUE,,,,,,,,,,,,,7.38,,,,,,7.38,,,EN,2023-12-05
GHED_CHEGDP_SHA2011,Current health expenditure (CHE) as percentage of gross domestic product (GDP) (%),numeric,EUR,Europe,Country,HUN,Hungary,Year,2020,FALSE,,,,,,,,,,,,,7.29,,,,,,7.29,,,EN,2023-12-05
GHED_CHEGDP_SHA2011,Current health expenditure (CHE) as percentage of gross domestic product (GDP) (%),numeric,SEAR,South-East Asia,Country,IDN,Indonesia,Year,2021,TRUE,,,,,,,,,,,,,3.71,,,,,,3.71,,,EN,2023-12-05
GHED_CHEGDP_SHA2011,Current health expenditure (CHE) as percentage of gross domestic product (GDP) (%),numeric,SEAR,South-East Asia,Country,IDN,Indonesia,Year,2020,FALSE,,,,,,,,,,,,,3.42,,,,,,3.42,,,EN,2023-12-05
GHED_CHEGDP_SHA2011,Current health expenditure (CHE) as percentage of gross domestic product (GDP) (%),numeric,SEAR,South-East Asia,Country,IND,India,Year,2021,TRUE,,,,,,,,,,,,,3.28,,,,,,3.28,,,EN,2023-12-05
GHED_CHEGDP_SHA2011,Current health expenditure (CHE) as percentage of gross domestic product (GDP) (%),numeric,SEAR,South-East Asia,Country,IND,India,Year,2020,FALSE,,,,,,,,,,,,,3.34,,,,,,3.34,,,EN,2023-12-05
GHED_CHEGDP_SHA2011,Current health expenditure (CHE) as percentage of gross domestic product (GDP) (%),numeric,EUR,Europe,Country,IRL,Ireland,Year,2021,TRUE,,,,,,,,,,,,,6.72,,,,,,6.72,,,EN,2023-12-05
GHED_CHEGDP_SHA2011,Current health expenditure (CHE) as percentage of gross domestic product (GDP) (%),numeric,EUR,Europe,Country,IRL,Ireland,Year,2020,FALSE,,,,,,,,,,,,,7.11,,,,,,7.11,,,EN,2023-12-05
GHED_CHEGDP_SHA2011,Current health expenditure (CHE) as percentage of gross domestic product (GDP) (%),numeric,EMR,Eastern Mediterranean,Country,IRN,Iran,Year,2021,TRUE,,,,,,,,,,,,,5.77,,,,,,5.77,,,EN,2023-12-05
GHED_CHEGDP_SHA2011,Current health expenditure (CHE) as percentage of gross domestic product (GDP) (%),numeric,EMR,Eastern Mediterranean,Country,IRN,Iran,Year,2020,FALSE,,,,,,,,,,,,,5.40,,,,,,5.40,,,EN,2023-12-05
GHED_CHEGDP_SHA2011,Current health expenditure (CHE) as percentage of gross domestic product (GDP) (%),numeric,EMR,Eastern Mediterranean,Country,IRQ,Iraq,Year,2021,TRUE,,,,,,,,,,,,,5.25,,,,,,5.25,,,EN,2023-12-05
GHED_CHEGDP_SHA2011,Current health expenditure (CHE) as percentage of gross domestic product (GDP) (%),numeric,EMR,Eastern Mediterranean,Country,IRQ,Iraq,Year,2020,FALSE,,,,,,,,,,,,,6.17,,,,,,6.17,,,EN,2023-12-05
GHED_CHEGDP_SHA2011,Current health expenditure (CHE) as percentage of gross domestic product (GDP) (%),numeric,EUR,Europe,Country,ISL,Iceland,Year,2021,TRUE,,,,,,,,,,,,,9.73,,,,,,9.73,,,EN,2023-12-05
GHED_CHEGDP_SHA2011,Current health expenditure (CHE) as percentage of gross domestic product (GDP) (%),numeric,EUR,Europe,Country,ISL,Iceland,Year,2020,FALSE,,,,,,,,,,,,,9.61,,,,,,9.61,,,EN,2023-12-05
GHED_CHEGDP_SHA2011,Current health expenditure (CHE) as percentage of gross domestic product (GDP) (%),numeric,EUR,Europe,Country,ISR,Israel,Year,2021,TRUE,,,,,,,,,,,,,7.90,,,,,,7.90,,,EN,2023-12-05
GHED_CHEGDP_SHA2011,Current health expenditure (CHE) as percentage of gross domestic product (GDP) (%),numeric,EUR,Europe,Country,ISR,Israel,Year,2020,FALSE,,,,,,,,,,,,,7.71,,,,,,7.71,,,EN,2023-12-05
GHED_CHEGDP_SHA2011,Current health expenditure (CHE) as percentage of gross domestic product (GDP) (%),numeric,EUR,Europe,Country,ITA,Italy,Year,2021,TRUE,,,,,,,,,,,,,9.38,,,,,,9.38,,,EN,2023-12-05
GHED_CHEGDP_SHA2011,Current health expenditure (CHE) as percentage of gross domestic product (GDP) (%),numeric,EUR,Europe,Country,ITA,Italy,Year,2020,FALSE,,,,,,,,,,,,,9.63,,,,,,9.63,,,EN,2023-12-05
GHED_CHEGDP_SHA2011,Current health expenditure (CHE) as percentage of gross domestic product (GDP) (%),numeric,AMR,Americas,Country,JAM,Jamaica,Year,2021,TRUE,,,,,,,,,,,,,7.19,,,,,,7.19,,,EN,2023-12-05
GHED_CHEGDP_SHA2011,Current health expenditure (CHE) as percentage of gross domestic product (GDP) (%),numeric,AMR,Americas,Country,JAM,Jamaica,Year,2020,FALSE,,,,,,,,,,,,,6.63,,,,,,6.63,,,EN,2023-12-05
GHED_CHEGDP_SHA2011,Current health expenditure (CHE) as percentage of gross domestic product (GDP) (%),numeric,EMR,Eastern Mediterranean,Country,JOR,Jordan,Year,2021,TRUE,,,,,,,,,,,,,7.29,,,,,,7.29,,,EN,2023-12-05
GHED_CHEGDP_SHA2011,Current health expenditure (CHE) as percentage of gross domestic product (GDP) (%),numeric,EMR,Eastern Mediterranean,Country,JOR,Jordan,Year,2020,FALSE,,,,,,,,,,,,,7.04,,,,,,7.04,,,EN,2023-12-05
GHED_CHEGDP_SHA2011,Current health expenditure (CHE) as percentage of gross domestic product (GDP) (%),numeric,WPR,Western Pacific,Country,JPN,Japan,Year,2021,TRUE,,,,,,,,,,,,,10.82,,,,,,10.82,,,EN,2023-12-05
GHED_CHEGDP_SHA2011,Current health expenditure (CHE) as percentage of gross domestic product (GDP) (%),numeric,WPR,Western Pacific,Country,JPN,Japan,Year,2020,FALSE,,,,,,,,,,,,,11.00,,,,,,11.00,,,EN,2023-12-05
GHED_CHEGDP_SHA2011,Current health expenditure (CHE) as percentage of gross domestic product (GDP) (%),numeric,EUR,Europe,Country,KAZ,Kazakhstan,Year,2021,TRUE,,,,,,,,,,,,,3.92,,,,,,3.92,,,EN,2023-12-05
GHED_CHEGDP_SHA2011,Current health expenditure (CHE) as percentage of gross domestic product (GDP) (%),numeric,EUR,Europe,Country,KAZ,Kazakhstan,Year,2020,FALSE,,,,,,,,,,,,,3.75,,,,,,3.75,,,EN,2023-12-05
GHED_CHEGDP_SHA2011,Current health expenditure (CHE) as percentage of gross domestic product (GDP) (%),numeric,AFR,Africa,Country,KEN,Kenya,Year,2021,TRUE,,,,,,,,,,,,,4.55,,,,,,4.55,,,EN,2023-12-05
GHED_CHEGDP_SHA2011,Current health expenditure (CHE) as percentage of gross domestic product (GDP) (%),numeric,AFR,Africa,Country,KEN,Kenya,Year,2020,FALSE,,,,,,,,,,,,,4.48,,,,,,4.48,,,EN,2023-12-05
GHED_CHEGDP_SHA2011,Current health expenditure (CHE) as percentage of gross domestic product (GDP) (%),numeric,EUR,Europe,Country,KGZ,Kyrgyzstan,Year,2021,TRUE,,,,,,,,,,,,,5.44,,,,,,5.44,,,EN,2023-12-05
GHED_CHEGDP_SHA2011,Current health expenditure (CHE) as percentage of gross domestic product (GDP) (%),numeric,EUR,Europe,Country,KGZ,Kyrgyzstan,Year,2020,FALSE,,,,,,,,,,,,,5.26,,,,,,5.26,,,EN,2023-12-05
GHED_CHEGDP_SHA2011,Current health expenditure (CHE) as percentage of gross domestic product (GDP) (%),numeric,WPR,Western Pacific,Country,KHM,Cambodia,Year,2021,TRUE,,,,,,,,,,,,,7.53,,,,,,7.53,,,EN,2023-12-05
GHED_CHEGDP_SHA2011,Current health expenditure (CHE) as percentage of gross domestic product (GDP) (%),numeric,WPR,Western Pacific,Country,KHM,Cambodia,Year,2020,FALSE,,,,,,,,,,,,,7.11,,,,,,7.11,,,EN,2023-12-05
GHED_CHEGDP_SHA2011,Current health expenditure (CHE) as percentage of gross domestic product (GDP) (%),numeric,WPR,Western Pacific,Country,KIR,Kiribati,Year,2021,TRUE,,,,,,,,,,,,,14.81,,,,,,14.81,,,EN,2023-12-05
GHED_CHEGDP_SHA2011,Current health expenditure (CHE) as percentage of gross domestic product (GDP) (%),numeric,WPR,Western Pacific,Country,KIR,Kiribati,Year,2020,FALSE,,,,,,,,,,,,,16.99,,,,,,16.99,,,EN,2023-12-05
GHED_CHEGDP_SHA2011,Current health expenditure (CHE) as percentage of gross domestic product (GDP) (%),numeric,AMR,Americas,Country,KNA,Saint Kitts and Nevis,Year,2021,TRUE,,,,,,,,,,,,,6.16,,,,,,6.16,,,EN,2023-12-05
GHED_CHEGDP_SHA2011,Current health expenditure (CHE) as percentage of gross domestic product (GDP) (%),numeric,AMR,Americas,Country,KNA,Saint Kitts and Nevis,Year,2020,FALSE,,,,,,,,,,,,,5.66,,,,,,5.66,,,EN,2023-12-05
GHED_CHEGDP_SHA2011,Current health expenditure (CHE) as percentage of gross domestic product (GDP) (%),numeric,WPR,Western Pacific,Country,KOR,"Korea, South",Year,2021,TRUE,,,,,,,,,,,,,9.33,,,,,,9.33,,,EN,2023-12-05
GHED_CHEGDP_SHA2011,Current health expenditure (CHE) as percentage of gross domestic product (GDP) (%),numeric,WPR,Western Pacific,Country,KOR,"Korea, South",Year,2020,FALSE,,,,,,,,,,,,,8.35,,,,,,8.35,,,EN,2023-12-05
GHED_CHEGDP_SHA2011,Current health expenditure (CHE) as percentage of gross domestic product (GDP) (%),numeric,EMR,Eastern Mediterranean,Country,KWT,Kuwait,Year,2021,TRUE,,,,,,,,,,,,,5.78,,,,,,5.78,,,EN,2023-12-05
GHED_CHEGDP_SHA2011,Current health expenditure (CHE) as percentage of gross domestic product (GDP) (%),numeric,EMR,Eastern Mediterranean,Country,KWT,Kuwait,Year,2020,FALSE,,,,,,,,,,,,,6.35,,,,,,6.35,,,EN,2023-12-05
GHED_CHEGDP_SHA2011,Current health expenditure (CHE) as percentage of gross domestic product (GDP) (%),numeric,WPR,Western Pacific,Country,LAO,Laos,Year,2021,TRUE,,,,,,,,,,,,,2.74,,,,,,2.74,,,EN,2023-12-05
GHED_CHEGDP_SHA2011,Current health expenditure (CHE) as percentage of gross domestic product (GDP) (%),numeric,WPR,Western Pacific,Country,LAO,Laos,Year,2020,FALSE,,,,,,,,,,,,,2.06,,,,,,2.06,,,EN,2023-12-05
GHED_CHEGDP_SHA2011,Current health expenditure (CHE) as percentage of gross domestic product (GDP) (%),numeric,EMR,Eastern Mediterranean,Country,LBN,Lebanon,Year,2021,TRUE,,,,,,,,,,,,,10.06,,,,,,10.06,,,EN,2023-12-05
GHED_CHEGDP_SHA2011,Current health expenditure (CHE) as percentage of gross domestic product (GDP) (%),numeric,EMR,Eastern Mediterranean,Country,LBN,Lebanon,Year,2020,FALSE,,,,,,,,,,,,,7.58,,,,,,7.58,,,EN,2023-12-05
GHED_CHEGDP_SHA2011,Current health expenditure (CHE) as percentage of gross domestic product (GDP) (%),numeric,AFR,Africa,Country,LBR,Liberia,Year,2021,TRUE,,,,,,,,,,,,,16.62,,,,,,16.62,,,EN,2023-12-05
GHED_CHEGDP_SHA2011,Current health expenditure (CHE) as percentage of gross domestic product (GDP) (%),numeric,AFR,Africa,Country,LBR,Liberia,Year,2020,FALSE,,,,,,,,,,,,,16.97,,,,,,16.97,,,EN,2023-12-05
GHED_CHEGDP_SHA2011,Current health expenditure (CHE) as percentage of gross domestic product (GDP) (%),numeric,EMR,Eastern Mediterranean,Country,LBY,Libya,Year,2011,TRUE,,,,,,,,,,,,,4.02,,,,,,4.02,,,EN,2023-12-05
GHED_CHEGDP_SHA2011,Current health expenditure (CHE) as percentage of gross domestic product (GDP) (%),numeric,AMR,Americas,Country,LCA,Saint Lucia,Year,2021,TRUE,,,,,,,,,,,,,6.21,,,,,,6.21,,,EN,2023-12-05
GHED_CHEGDP_SHA2011,Current health expenditure (CHE) as percentage of gross domestic product (GDP) (%),numeric,AMR,Americas,Country,LCA,Saint Lucia,Year,2020,FALSE,,,,,,,,,,,,,6.79,,,,,,6.79,,,EN,2023-12-05
GHED_CHEGDP_SHA2011,Current health expenditure (CHE) as percentage of gross domestic product (GDP) (%),numeric,SEAR,South-East Asia,Country,LKA,Sri Lanka,Year,2021,TRUE,,,,,,,,,,,,,4.07,,,,,,4.07,,,EN,2023-12-05
GHED_CHEGDP_SHA2011,Current health expenditure (CHE) as percentage of gross domestic product (GDP) (%),numeric,SEAR,South-East Asia,Country,LKA,Sri Lanka,Year,2020,FALSE,,,,,,,,,,,,,4.02,,,,,,4.02,,,EN,2023-12-05
GHED_CHEGDP_SHA2011,Current health expenditure (CHE) as percentage of gross domestic product (GDP) (%),numeric,AFR,Africa,Country,LSO,Lesotho,Year,2021,TRUE,,,,,,,,,,,,,10.21,,,,,,10.21,,,EN,2023-12-05
GHED_CHEGDP_SHA2011,Current health expenditure (CHE) as percentage of gross domestic product (GDP) (%),numeric,AFR,Africa,Country,LSO,Lesotho,Year,2020,FALSE,,,,,,,,,,,,,10.28,,,,,,10.28,,,EN,2023-12-05
GHED_CHEGDP_SHA2011,Current health expenditure (CHE) as percentage of gross domestic product (GDP) (%),numeric,EUR,Europe,Country,LTU,Lithuania,Year,2021,TRUE,,,,,,,,,,,,,7.82,,,,,,7.82,,,EN,2023-12-05
GHED_CHEGDP_SHA2011,Current health expenditure (CHE) as percentage of gross domestic product (GDP) (%),numeric,EUR,Europe,Country,LTU,Lithuania,Year,2020,FALSE,,,,,,,,,,,,,7.48,,,,,,7.48,,,EN,2023-12-05
GHED_CHEGDP_SHA2011,Current health expenditure (CHE) as percentage of gross domestic product (GDP) (%),numeric,EUR,Europe,Country,LUX,Luxembourg,Year,2021,TRUE,,,,,,,,,,,,,5.67,,,,,,5.67,,,EN,2023-12-05
GHED_CHEGDP_SHA2011,Current health expenditure (CHE) as percentage of gross domestic product (GDP) (%),numeric,EUR,Europe,Country,LUX,Luxembourg,Year,2020,FALSE,,,,,,,,,,,,,5.74,,,,,,5.74,,,EN,2023-12-05
GHED_CHEGDP_SHA2011,Current health expenditure (CHE) as percentage of gross domestic product (GDP) (%),numeric,EUR,Europe,Country,LVA,Latvia,Year,2021,TRUE,,,,,,,,,,,,,9.04,,,,,,9.04,,,EN,2023-12-05
GHED_CHEGDP_SHA2011,Current health expenditure (CHE) as percentage of gross domestic product (GDP) (%),numeric,EUR,Europe,Country,LVA,Latvia,Year,2020,FALSE,,,,,,,,,,,,,7.25,,,,,,7.25,,,EN,2023-12-05
GHED_CHEGDP_SHA2011,Current health expenditure (CHE) as percentage of gross domestic product (GDP) (%),numeric,EMR,Eastern Mediterranean,Country,MAR,Morocco,Year,2021,TRUE,,,,,,,,,,,,,5.74,,,,,,5.74,,,EN,2023-12-05
GHED_CHEGDP_SHA2011,Current health expenditure (CHE) as percentage of gross domestic product (GDP) (%),numeric,EMR,Eastern Mediterranean,Country,MAR,Morocco,Year,2020,FALSE,,,,,,,,,,,,,5.84,,,,,,5.84,,,EN,2023-12-05
GHED_CHEGDP_SHA2011,Current health expenditure (CHE) as percentage of gross domestic product (GDP) (%),numeric,EUR,Europe,Country,MCO,Monaco,Year,2021,TRUE,,,,,,,,,,,,,3.68,,,,,,3.68,,,EN,2023-12-05
GHED_CHEGDP_SHA2011,Current health expenditure (CHE) as percentage of gross domestic product (GDP) (%),numeric,EUR,Europe,Country,MCO,Monaco,Year,2020,FALSE,,,,,,,,,,,,,4.28,,,,,,4.28,,,EN,2023-12-05
GHED_CHEGDP_SHA2011,Current health expenditure (CHE) as percentage of gross domestic product (GDP) (%),numeric,EUR,Europe,Country,MDA,Moldova,Year,2021,TRUE,,,,,,,,,,,,,7.75,,,,,,7.75,,,EN,2023-12-05
GHED_CHEGDP_SHA2011,Current health expenditure (CHE) as percentage of gross domestic product (GDP) (%),numeric,EUR,Europe,Country,MDA,Moldova,Year,2020,FALSE,,,,,,,,,,,,,7.00,,,,,,7.00,,,EN,2023-12-05
GHED_CHEGDP_SHA2011,Current health expenditure (CHE) as percentage of gross domestic product (GDP) (%),numeric,AFR,Africa,Country,MDG,Madagascar,Year,2021,TRUE,,,,,,,,,,,,,3.50,,,,,,3.50,,,EN,2023-12-05
GHED_CHEGDP_SHA2011,Current health expenditure (CHE) as percentage of gross domestic product (GDP) (%),numeric,AFR,Africa,Country,MDG,Madagascar,Year,2020,FALSE,,,,,,,,,,,,,3.72,,,,,,3.72,,,EN,2023-12-05
GHED_CHEGDP_SHA2011,Current health expenditure (CHE) as percentage of gross domestic product (GDP) (%),numeric,SEAR,South-East Asia,Country,MDV,Maldives,Year,2021,TRUE,,,,,,,,,,,,,10.03,,,,,,10.03,,,EN,2023-12-05
GHED_CHEGDP_SHA2011,Current health expenditure (CHE) as percentage of gross domestic product (GDP) (%),numeric,SEAR,South-East Asia,Country,MDV,Maldives,Year,2020,FALSE,,,,,,,,,,,,,11.35,,,,,,11.35,,,EN,2023-12-05
GHED_CHEGDP_SHA2011,Current health expenditure (CHE) as percentage of gross domestic product (GDP) (%),numeric,AMR,Americas,Country,MEX,Mexico,Year,2021,TRUE,,,,,,,,,,,,,6.08,,,,,,6.08,,,EN,2023-12-05
GHED_CHEGDP_SHA2011,Current health expenditure (CHE) as percentage of gross domestic product (GDP) (%),numeric,AMR,Americas,Country,MEX,Mexico,Year,2020,FALSE,,,,,,,,,,,,,6.22,,,,,,6.22,,,EN,2023-12-05
GHED_CHEGDP_SHA2011,Current health expenditure (CHE) as percentage of gross domestic product (GDP) (%),numeric,WPR,Western Pacific,Country,MHL,Marshall Islands,Year,2021,TRUE,,,,,,,,,,,,,12.55,,,,,,12.55,,,EN,2023-12-05
GHED_CHEGDP_SHA2011,Current health expenditure (CHE) as percentage of gross domestic product (GDP) (%),numeric,WPR,Western Pacific,Country,MHL,Marshall Islands,Year,2020,FALSE,,,,,,,,,,,,,12.59,,,,,,12.59,,,EN,2023-12-05
GHED_CHEGDP_SHA2011,Current health expenditure (CHE) as percentage of gross domestic product (GDP) (%),numeric,EUR,Europe,Country,MKD,North Macedonia,Year,2021,TRUE,,,,,,,,,,,,,8.52,,,,,,8.52,,,EN,2023-12-05
GHED_CHEGDP_SHA2011,Current health expenditure (CHE) as percentage of gross domestic product (GDP) (%),numeric,EUR,Europe,Country,MKD,North Macedonia,Year,2020,FALSE,,,,,,,,,,,,,7.73,,,,,,7.73,,,EN,2023-12-05
GHED_CHEGDP_SHA2011,Current health expenditure (CHE) as percentage of gross domestic product (GDP) (%),numeric,AFR,Africa,Country,MLI,Mali,Year,2021,TRUE,,,,,,,,,,,,,4.47,,,,,,4.47,,,EN,2023-12-05
GHED_CHEGDP_SHA2011,Current health expenditure (CHE) as percentage of gross domestic product (GDP) (%),numeric,AFR,Africa,Country,MLI,Mali,Year,2020,FALSE,,,,,,,,,,,,,3.48,,,,,,3.48,,,EN,2023-12-05
GHED_CHEGDP_SHA2011,Current health expenditure (CHE) as percentage of gross domestic product (GDP) (%),numeric,EUR,Europe,Country,MLT,Malta,Year,2021,TRUE,,,,,,,,,,,,,10.58,,,,,,10.58,,,EN,2023-12-05
GHED_CHEGDP_SHA2011,Current health expenditure (CHE) as percentage of gross domestic product (GDP) (%),numeric,EUR,Europe,Country,MLT,Malta,Year,2020,FALSE,,,,,,,,,,,,,10.74,,,,,,10.74,,,EN,2023-12-05
GHED_CHEGDP_SHA2011,Current health expenditure (CHE) as percentage of gross domestic product (GDP) (%),numeric,SEAR,South-East Asia,Country,MMR,Burma,Year,2021,TRUE,,,,,,,,,,,,,5.63,,,,,,5.63,,,EN,2023-12-05
GHED_CHEGDP_SHA2011,Current health expenditure (CHE) as percentage of gross domestic product (GDP) (%),numeric,SEAR,South-East Asia,Country,MMR,Burma,Year,2020,FALSE,,,,,,,,,,,,,4.62,,,,,,4.62,,,EN,2023-12-05
GHED_CHEGDP_SHA2011,Current health expenditure (CHE) as percentage of gross domestic product (GDP) (%),numeric,EUR,Europe,Country,MNE,Montenegro,Year,2021,TRUE,,,,,,,,,,,,,10.55,,,,,,10.55,,,EN,2023-12-05
GHED_CHEGDP_SHA2011,Current health expenditure (CHE) as percentage of gross domestic product (GDP) (%),numeric,EUR,Europe,Country,MNE,Montenegro,Year,2020,FALSE,,,,,,,,,,,,,11.42,,,,,,11.42,,,EN,2023-12-05
GHED_CHEGDP_SHA2011,Current health expenditure (CHE) as percentage of gross domestic product (GDP) (%),numeric,WPR,Western Pacific,Country,MNG,Mongolia,Year,2021,TRUE,,,,,,,,,,,,,6.91,,,,,,6.91,,,EN,2023-12-05
GHED_CHEGDP_SHA2011,Current health expenditure (CHE) as percentage of gross domestic product (GDP) (%),numeric,WPR,Western Pacific,Country,MNG,Mongolia,Year,2020,FALSE,,,,,,,,,,,,,4.67,,,,,,4.67,,,EN,2023-12-05
GHED_CHEGDP_SHA2011,Current health expenditure (CHE) as percentage of gross domestic product (GDP) (%),numeric,AFR,Africa,Country,MOZ,Mozambique,Year,2021,TRUE,,,,,,,,,,,,,9.05,,,,,,9.05,,,EN,2023-12-05
GHED_CHEGDP_SHA2011,Current health expenditure (CHE) as percentage of gross domestic product (GDP) (%),numeric,AFR,Africa,Country,MOZ,Mozambique,Year,2020,FALSE,,,,,,,,,,,,,7.57,,,,,,7.57,,,EN,2023-12-05
GHED_CHEGDP_SHA2011,Current health expenditure (CHE) as percentage of gross domestic product (GDP) (%),numeric,AFR,Africa,Country,MRT,Mauritania,Year,2021,TRUE,,,,,,,,,,,,,4.12,,,,,,4.12,,,EN,2023-12-05
GHED_CHEGDP_SHA2011,Current health expenditure (CHE) as percentage of gross domestic product (GDP) (%),numeric,AFR,Africa,Country,MRT,Mauritania,Year,2020,FALSE,,,,,,,,,,,,,3.39,,,,,,3.39,,,EN,2023-12-05
GHED_CHEGDP_SHA2011,Current health expenditure (CHE) as percentage of gross domestic product (GDP) (%),numeric,AFR,Africa,Country,MUS,Mauritius,Year,2021,TRUE,,,,,,,,,,,,,6.39,,,,,,6.39,,,EN,2023-12-05
GHED_CHEGDP_SHA2011,Current health expenditure (CHE) as percentage of gross domestic product (GDP) (%),numeric,AFR,Africa,Country,MUS,Mauritius,Year,2020,FALSE,,,,,,,,,,,,,6.48,,,,,,6.48,,,EN,2023-12-05
GHED_CHEGDP_SHA2011,Current health expenditure (CHE) as percentage of gross domestic product (GDP) (%),numeric,AFR,Africa,Country,MWI,Malawi,Year,2021,TRUE,,,,,,,,,,,,,7.41,,,,,,7.41,,,EN,2023-12-05
GHED_CHEGDP_SHA2011,Current health expenditure (CHE) as percentage of gross domestic product (GDP) (%),numeric,AFR,Africa,Country,MWI,Malawi,Year,2020,FALSE,,,,,,,,,,,,,7.01,,,,,,7.01,,,EN,2023-12-05
GHED_CHEGDP_SHA2011,Current health expenditure (CHE) as percentage of gross domestic product (GDP) (%),numeric,WPR,Western Pacific,Country,MYS,Malaysia,Year,2021,TRUE,,,,,,,,,,,,,4.38,,,,,,4.38,,,EN,2023-12-05
GHED_CHEGDP_SHA2011,Current health expenditure (CHE) as percentage of gross domestic product (GDP) (%),numeric,WPR,Western Pacific,Country,MYS,Malaysia,Year,2020,FALSE,,,,,,,,,,,,,4.08,,,,,,4.08,,,EN,2023-12-05
GHED_CHEGDP_SHA2011,Current health expenditure (CHE) as percentage of gross domestic product (GDP) (%),numeric,AFR,Africa,Country,NAM,Namibia,Year,2021,TRUE,,,,,,,,,,,,,9.38,,,,,,9.38,,,EN,2023-12-05
GHED_CHEGDP_SHA2011,Current health expenditure (CHE) as percentage of gross domestic product (GDP) (%),numeric,AFR,Africa,Country,NAM,Namibia,Year,2020,FALSE,,,,,,,,,,,,,8.90,,,,,,8.90,,,EN,2023-12-05
GHED_CHEGDP_SHA2011,Current health expenditure (CHE) as percentage of gross domestic product (GDP) (%),numeric,AFR,Africa,Country,NER,Niger,Year,2021,TRUE,,,,,,,,,,,,,5.81,,,,,,5.81,,,EN,2023-12-05
GHED_CHEGDP_SHA2011,Current health expenditure (CHE) as percentage of gross domestic product (GDP) (%),numeric,AFR,Africa,Country,NER,Niger,Year,2020,FALSE,,,,,,,,,,,,,6.17,,,,,,6.17,,,EN,2023-12-05
GHED_CHEGDP_SHA2011,Current health expenditure (CHE) as percentage of gross domestic product (GDP) (%),numeric,AFR,Africa,Country,NGA,Nigeria,Year,2021,TRUE,,,,,,,,,,,,,4.08,,,,,,4.08,,,EN,2023-12-05
GHED_CHEGDP_SHA2011,Current health expenditure (CHE) as percentage of gross domestic product (GDP) (%),numeric,AFR,Africa,Country,NGA,Nigeria,Year,2020,FALSE,,,,,,,,,,,,,3.38,,,,,,3.38,,,EN,2023-12-05
GHED_CHEGDP_SHA2011,Current health expenditure (CHE) as percentage of gross domestic product (GDP) (%),numeric,AMR,Americas,Country,NIC,Nicaragua,Year,2021,TRUE,,,,,,,,,,,,,9.68,,,,,,9.68,,,EN,2023-12-05
GHED_CHEGDP_SHA2011,Current health expenditure (CHE) as percentage of gross domestic product (GDP) (%),numeric,AMR,Americas,Country,NIC,Nicaragua,Year,2020,FALSE,,,,,,,,,,,,,8.65,,,,,,8.65,,,EN,2023-12-05
GHED_CHEGDP_SHA2011,Current health expenditure (CHE) as percentage of gross domestic product (GDP) (%),numeric,WPR,Western Pacific,Country,NIU,Niue,Year,2021,TRUE,,,,,,,,,,,,,13.76,,,,,,13.76,,,EN,2023-12-05
GHED_CHEGDP_SHA2011,Current health expenditure (CHE) as percentage of gross domestic product (GDP) (%),numeric,WPR,Western Pacific,Country,NIU,Niue,Year,2020,FALSE,,,,,,,,,,,,,8.97,,,,,,8.97,,,EN,2023-12-05
GHED_CHEGDP_SHA2011,Current health expenditure (CHE) as percentage of gross domestic product (GDP) (%),numeric,EUR,Europe,Country,NLD,Netherlands,Year,2021,TRUE,,,,,,,,,,,,,11.29,,,,,,11.29,,,EN,2023-12-05
GHED_CHEGDP_SHA2011,Current health expenditure (CHE) as percentage of gross domestic product (GDP) (%),numeric,EUR,Europe,Country,NLD,Netherlands,Year,2020,FALSE,,,,,,,,,,,,,11.21,,,,,,11.21,,,EN,2023-12-05
GHED_CHEGDP_SHA2011,Current health expenditure (CHE) as percentage of gross domestic product (GDP) (%),numeric,EUR,Europe,Country,NOR,Norway,Year,2021,TRUE,,,,,,,,,,,,,9.92,,,,,,9.92,,,EN,2023-12-05
GHED_CHEGDP_SHA2011,Current health expenditure (CHE) as percentage of gross domestic product (GDP) (%),numeric,EUR,Europe,Country,NOR,Norway,Year,2020,FALSE,,,,,,,,,,,,,11.25,,,,,,11.25,,,EN,2023-12-05
GHED_CHEGDP_SHA2011,Current health expenditure (CHE) as percentage of gross domestic product (GDP) (%),numeric,SEAR,South-East Asia,Country,NPL,Nepal,Year,2021,TRUE,,,,,,,,,,,,,5.42,,,,,,5.42,,,EN,2023-12-05
GHED_CHEGDP_SHA2011,Current health expenditure (CHE) as percentage of gross domestic product (GDP) (%),numeric,SEAR,South-East Asia,Country,NPL,Nepal,Year,2020,FALSE,,,,,,,,,,,,,5.21,,,,,,5.21,,,EN,2023-12-05
GHED_CHEGDP_SHA2011,Current health expenditure (CHE) as percentage of gross domestic product (GDP) (%),numeric,WPR,Western Pacific,Country,NRU,Nauru,Year,2021,TRUE,,,,,,,,,,,,,13.06,,,,,,13.06,,,EN,2023-12-05
GHED_CHEGDP_SHA2011,Current health expenditure (CHE) as percentage of gross domestic product (GDP) (%),numeric,WPR,Western Pacific,Country,NRU,Nauru,Year,2020,FALSE,,,,,,,,,,,,,12.68,,,,,,12.68,,,EN,2023-12-05
GHED_CHEGDP_SHA2011,Current health expenditure (CHE) as percentage of gross domestic product (GDP) (%),numeric,WPR,Western Pacific,Country,NZL,New Zealand,Year,2021,TRUE,,,,,,,,,,,,,10.05,,,,,,10.05,,,EN,2023-12-05
GHED_CHEGDP_SHA2011,Current health expenditure (CHE) as percentage of gross domestic product (GDP) (%),numeric,WPR,Western Pacific,Country,NZL,New Zealand,Year,2020,FALSE,,,,,,,,,,,,,10.07,,,,,,10.07,,,EN,2023-12-05
GHED_CHEGDP_SHA2011,Current health expenditure (CHE) as percentage of gross domestic product (GDP) (%),numeric,EMR,Eastern Mediterranean,Country,OMN,Oman,Year,2021,TRUE,,,,,,,,,,,,,4.37,,,,,,4.37,,,EN,2023-12-05
GHED_CHEGDP_SHA2011,Current health expenditure (CHE) as percentage of gross domestic product (GDP) (%),numeric,EMR,Eastern Mediterranean,Country,OMN,Oman,Year,2020,FALSE,,,,,,,,,,,,,5.25,,,,,,5.25,,,EN,2023-12-05
GHED_CHEGDP_SHA2011,Current health expenditure (CHE) as percentage of gross domestic product (GDP) (%),numeric,EMR,Eastern Mediterranean,Country,PAK,Pakistan,Year,2021,TRUE,,,,,,,,,,,,,2.91,,,,,,2.91,,,EN,2023-12-05
GHED_CHEGDP_SHA2011,Current health expenditure (CHE) as percentage of gross domestic product (GDP) (%),numeric,EMR,Eastern Mediterranean,Country,PAK,Pakistan,Year,2020,FALSE,,,,,,,,,,,,,2.95,,,,,,2.95,,,EN,2023-12-05
GHED_CHEGDP_SHA2011,Current health expenditure (CHE) as percentage of gross domestic product (GDP) (%),numeric,AMR,Americas,Country,PAN,Panama,Year,2021,TRUE,,,,,,,,,,,,,9.68,,,,,,9.68,,,EN,2023-12-05
GHED_CHEGDP_SHA2011,Current health expenditure (CHE) as percentage of gross domestic product (GDP) (%),numeric,AMR,Americas,Country,PAN,Panama,Year,2020,FALSE,,,,,,,,,,,,,10.80,,,,,,10.80,,,EN,2023-12-05
GHED_CHEGDP_SHA2011,Current health expenditure (CHE) as percentage of gross domestic product (GDP) (%),numeric,AMR,Americas,Country,PER,Peru,Year,2021,TRUE,,,,,,,,,,,,,6.15,,,,,,6.15,,,EN,2023-12-05
GHED_CHEGDP_SHA2011,Current health expenditure (CHE) as percentage of gross domestic product (GDP) (%),numeric,AMR,Americas,Country,PER,Peru,Year,2020,FALSE,,,,,,,,,,,,,6.29,,,,,,6.29,,,EN,2023-12-05
GHED_CHEGDP_SHA2011,Current health expenditure (CHE) as percentage of gross domestic product (GDP) (%),numeric,WPR,Western Pacific,Country,PHL,Philippines,Year,2021,TRUE,,,,,,,,,,,,,5.87,,,,,,5.87,,,EN,2023-12-05
GHED_CHEGDP_SHA2011,Current health expenditure (CHE) as percentage of gross domestic product (GDP) (%),numeric,WPR,Western Pacific,Country,PHL,Philippines,Year,2020,FALSE,,,,,,,,,,,,,5.16,,,,,,5.16,,,EN,2023-12-05
GHED_CHEGDP_SHA2011,Current health expenditure (CHE) as percentage of gross domestic product (GDP) (%),numeric,WPR,Western Pacific,Country,PLW,Palau,Year,2021,TRUE,,,,,,,,,,,,,16.38,,,,,,16.38,,,EN,2023-12-05
GHED_CHEGDP_SHA2011,Current health expenditure (CHE) as percentage of gross domestic product (GDP) (%),numeric,WPR,Western Pacific,Country,PLW,Palau,Year,2020,FALSE,,,,,,,,,,,,,14.34,,,,,,14.34,,,EN,2023-12-05
GHED_CHEGDP_SHA2011,Current health expenditure (CHE) as percentage of gross domestic product (GDP) (%),numeric,WPR,Western Pacific,Country,PNG,Papua New Guinea,Year,2021,TRUE,,,,,,,,,,,,,2.32,,,,,,2.32,,,EN,2023-12-05
GHED_CHEGDP_SHA2011,Current health expenditure (CHE) as percentage of gross domestic product (GDP) (%),numeric,WPR,Western Pacific,Country,PNG,Papua New Guinea,Year,2020,FALSE,,,,,,,,,,,,,2.30,,,,,,2.30,,,EN,2023-12-05
GHED_CHEGDP_SHA2011,Current health expenditure (CHE) as percentage of gross domestic product (GDP) (%),numeric,EUR,Europe,Country,POL,Poland,Year,2021,TRUE,,,,,,,,,,,,,6.44,,,,,,6.44,,,EN,2023-12-05
GHED_CHEGDP_SHA2011,Current health expenditure (CHE) as percentage of gross domestic product (GDP) (%),numeric,EUR,Europe,Country,POL,Poland,Year,2020,FALSE,,,,,,,,,,,,,6.50,,,,,,6.50,,,EN,2023-12-05
GHED_CHEGDP_SHA2011,Current health expenditure (CHE) as percentage of gross domestic product (GDP) (%),numeric,EUR,Europe,Country,PRT,Portugal,Year,2021,TRUE,,,,,,,,,,,,,11.14,,,,,,11.14,,,EN,2023-12-05
GHED_CHEGDP_SHA2011,Current health expenditure (CHE) as percentage of gross domestic product (GDP) (%),numeric,EUR,Europe,Country,PRT,Portugal,Year,2020,FALSE,,,,,,,,,,,,,10.55,,,,,,10.55,,,EN,2023-12-05
GHED_CHEGDP_SHA2011,Current health expenditure (CHE) as percentage of gross domestic product (GDP) (%),numeric,AMR,Americas,Country,PRY,Paraguay,Year,2021,TRUE,,,,,,,,,,,,,8.03,,,,,,8.03,,,EN,2023-12-05
GHED_CHEGDP_SHA2011,Current health expenditure (CHE) as percentage of gross domestic product (GDP) (%),numeric,AMR,Americas,Country,PRY,Paraguay,Year,2020,FALSE,,,,,,,,,,,,,7.68,,,,,,7.68,,,EN,2023-12-05
GHED_CHEGDP_SHA2011,Current health expenditure (CHE) as percentage of gross domestic product (GDP) (%),numeric,EMR,Eastern Mediterranean,Country,QAT,Qatar,Year,2021,TRUE,,,,,,,,,,,,,2.89,,,,,,2.89,,,EN,2023-12-05
GHED_CHEGDP_SHA2011,Current health expenditure (CHE) as percentage of gross domestic product (GDP) (%),numeric,EMR,Eastern Mediterranean,Country,QAT,Qatar,Year,2020,FALSE,,,,,,,,,,,,,3.82,,,,,,3.82,,,EN,2023-12-05
GHED_CHEGDP_SHA2011,Current health expenditure (CHE) as percentage of gross domestic product (GDP) (%),numeric,EUR,Europe,Country,ROU,Romania,Year,2021,TRUE,,,,,,,,,,,,,6.48,,,,,,6.48,,,EN,2023-12-05
GHED_CHEGDP_SHA2011,Current health expenditure (CHE) as percentage of gross domestic product (GDP) (%),numeric,EUR,Europe,Country,ROU,Romania,Year,2020,FALSE,,,,,,,,,,,,,6.23,,,,,,6.23,,,EN,2023-12-05
GHED_CHEGDP_SHA2011,Current health expenditure (CHE) as percentage of gross domestic product (GDP) (%),numeric,EUR,Europe,Country,RUS,Russia,Year,2021,TRUE,,,,,,,,,,,,,7.39,,,,,,7.39,,,EN,2023-12-05
GHED_CHEGDP_SHA2011,Current health expenditure (CHE) as percentage of gross domestic product (GDP) (%),numeric,EUR,Europe,Country,RUS,Russia,Year,2020,FALSE,,,,,,,,,,,,,7.57,,,,,,7.57,,,EN,2023-12-05
GHED_CHEGDP_SHA2011,Current health expenditure (CHE) as percentage of gross domestic product (GDP) (%),numeric,AFR,Africa,Country,RWA,Rwanda,Year,2021,TRUE,,,,,,,,,,,,,7.32,,,,,,7.32,,,EN,2023-12-05
GHED_CHEGDP_SHA2011,Current health expenditure (CHE) as percentage of gross domestic product (GDP) (%),numeric,AFR,Africa,Country,RWA,Rwanda,Year,2020,FALSE,,,,,,,,,,,,,7.48,,,,,,7.48,,,EN,2023-12-05
GHED_CHEGDP_SHA2011,Current health expenditure (CHE) as percentage of gross domestic product (GDP) (%),numeric,EMR,Eastern Mediterranean,Country,SAU,Saudi Arabia,Year,2021,TRUE,,,,,,,,,,,,,5.97,,,,,,5.97,,,EN,2023-12-05
GHED_CHEGDP_SHA2011,Current health expenditure (CHE) as percentage of gross domestic product (GDP) (%),numeric,EMR,Eastern Mediterranean,Country,SAU,Saudi Arabia,Year,2020,FALSE,,,,,,,,,,,,,6.65,,,,,,6.65,,,EN,2023-12-05
GHED_CHEGDP_SHA2011,Current health expenditure (CHE) as percentage of gross domestic product (GDP) (%),numeric,EMR,Eastern Mediterranean,Country,SDN,Sudan,Year,2021,TRUE,,,,,,,,,,,,,2.84,,,,,,2.84,,,EN,2023-12-05
GHED_CHEGDP_SHA2011,Current health expenditure (CHE) as percentage of gross domestic product (GDP) (%),numeric,EMR,Eastern Mediterranean,Country,SDN,Sudan,Year,2020,FALSE,,,,,,,,,,,,,3.02,,,,,,3.02,,,EN,2023-12-05
GHED_CHEGDP_SHA2011,Current health expenditure (CHE) as percentage of gross domestic product (GDP) (%),numeric,AFR,Africa,Country,SEN,Senegal,Year,2021,TRUE,,,,,,,,,,,,,4.35,,,,,,4.35,,,EN,2023-12-05
GHED_CHEGDP_SHA2011,Current health expenditure (CHE) as percentage of gross domestic product (GDP) (%),numeric,AFR,Africa,Country,SEN,Senegal,Year,2020,FALSE,,,,,,,,,,,,,5.15,,,,,,5.15,,,EN,2023-12-05
GHED_CHEGDP_SHA2011,Current health expenditure (CHE) as percentage of gross domestic product (GDP) (%),numeric,WPR,Western Pacific,Country,SGP,Singapore,Year,2021,TRUE,,,,,,,,,,,,,5.57,,,,,,5.57,,,EN,2023-12-05
GHED_CHEGDP_SHA2011,Current health expenditure (CHE) as percentage of gross domestic product (GDP) (%),numeric,WPR,Western Pacific,Country,SGP,Singapore,Year,2020,FALSE,,,,,,,,,,,,,5.71,,,,,,5.71,,,EN,2023-12-05
GHED_CHEGDP_SHA2011,Current health expenditure (CHE) as percentage of gross domestic product (GDP) (%),numeric,WPR,Western Pacific,Country,SLB,Solomon Islands,Year,2021,TRUE,,,,,,,,,,,,,4.76,,,,,,4.76,,,EN,2023-12-05
GHED_CHEGDP_SHA2011,Current health expenditure (CHE) as percentage of gross domestic product (GDP) (%),numeric,WPR,Western Pacific,Country,SLB,Solomon Islands,Year,2020,FALSE,,,,,,,,,,,,,4.80,,,,,,4.80,,,EN,2023-12-05
GHED_CHEGDP_SHA2011,Current health expenditure (CHE) as percentage of gross domestic product (GDP) (%),numeric,AFR,Africa,Country,SLE,Sierra Leone,Year,2021,TRUE,,,,,,,,,,,,,8.55,,,,,,8.55,,,EN,2023-12-05
GHED_CHEGDP_SHA2011,Current health expenditure (CHE) as percentage of gross domestic product (GDP) (%),numeric,AFR,Africa,Country,SLE,Sierra Leone,Year,2020,FALSE,,,,,,,,,,,,,9.33,,,,,,9.33,,,EN,2023-12-05
GHED_CHEGDP_SHA2011,Current health expenditure (CHE) as percentage of gross domestic product (GDP) (%),numeric,AMR,Americas,Country,SLV,El Salvador,Year,2021,TRUE,,,,,,,,,,,,,9.72,,,,,,9.72,,,EN,2023-12-05
GHED_CHEGDP_SHA2011,Current health expenditure (CHE) as percentage of gross domestic product (GDP) (%),numeric,AMR,Americas,Country,SLV,El Salvador,Year,2020,FALSE,,,,,,,,,,,,,9.08,,,,,,9.08,,,EN,2023-12-05
GHED_CHEGDP_SHA2011,Current health expenditure (CHE) as percentage of gross domestic product (GDP) (%),numeric,EUR,Europe,Country,SMR,San Marino,Year,2021,TRUE,,,,,,,,,,,,,7.98,,,,,,7.98,,,EN,2023-12-05
GHED_CHEGDP_SHA2011,Current health expenditure (CHE) as percentage of gross domestic product (GDP) (%),numeric,EUR,Europe,Country,SMR,San Marino,Year,2020,FALSE,,,,,,,,,,,,,8.48,,,,,,8.48,,,EN,2023-12-05
GHED_CHEGDP_SHA2011,Current health expenditure (CHE) as percentage of gross domestic product (GDP) (%),numeric,EUR,Europe,Country,SRB,Serbia,Year,2021,TRUE,,,,,,,,,,,,,10.01,,,,,,10.01,,,EN,2023-12-05
GHED_CHEGDP_SHA2011,Current health expenditure (CHE) as percentage of gross domestic product (GDP) (%),numeric,EUR,Europe,Country,SRB,Serbia,Year,2020,FALSE,,,,,,,,,,,,,8.70,,,,,,8.70,,,EN,2023-12-05
GHED_CHEGDP_SHA2011,Current health expenditure (CHE) as percentage of gross domestic product (GDP) (%),numeric,AFR,Africa,Country,SSD,South Sudan,Year,2021,TRUE,,,,,,,,,,,,,5.86,,,,,,5.86,,,EN,2023-12-05
GHED_CHEGDP_SHA2011,Current health expenditure (CHE) as percentage of gross domestic product (GDP) (%),numeric,AFR,Africa,Country,SSD,South Sudan,Year,2020,FALSE,,,,,,,,,,,,,9.45,,,,,,9.45,,,EN,2023-12-05
GHED_CHEGDP_SHA2011,Current health expenditure (CHE) as percentage of gross domestic product (GDP) (%),numeric,AFR,Africa,Country,STP,Sao Tome and Principe,Year,2021,TRUE,,,,,,,,,,,,,7.83,,,,,,7.83,,,EN,2023-12-05
GHED_CHEGDP_SHA2011,Current health expenditure (CHE) as percentage of gross domestic product (GDP) (%),numeric,AFR,Africa,Country,STP,Sao Tome and Principe,Year,2020,FALSE,,,,,,,,,,,,,7.30,,,,,,7.30,,,EN,2023-12-05
GHED_CHEGDP_SHA2011,Current health expenditure (CHE) as percentage of gross domestic product (GDP) (%),numeric,AMR,Americas,Country,SUR,Suriname,Year,2021,TRUE,,,,,,,,,,,,,5.68,,,,,,5.68,,,EN,2023-12-05
GHED_CHEGDP_SHA2011,Current health expenditure (CHE) as percentage of gross domestic product (GDP) (%),numeric,AMR,Americas,Country,SUR,Suriname,Year,2020,FALSE,,,,,,,,,,,,,6.84,,,,,,6.84,,,EN,2023-12-05
GHED_CHEGDP_SHA2011,Current health expenditure (CHE) as percentage of gross domestic product (GDP) (%),numeric,EUR,Europe,Country,SVK,Slovakia,Year,2021,TRUE,,,,,,,,,,,,,7.75,,,,,,7.75,,,EN,2023-12-05
GHED_CHEGDP_SHA2011,Current health expenditure (CHE) as percentage of gross domestic product (GDP) (%),numeric,EUR,Europe,Country,SVK,Slovakia,Year,2020,FALSE,,,,,,,,,,,,,7.13,,,,,,7.13,,,EN,2023-12-05
GHED_CHEGDP_SHA2011,Current health expenditure (CHE) as percentage of gross domestic product (GDP) (%),numeric,EUR,Europe,Country,SVN,Slovenia,Year,2021,TRUE,,,,,,,,,,,,,9.48,,,,,,9.48,,,EN,2023-12-05
GHED_CHEGDP_SHA2011,Current health expenditure (CHE) as percentage of gross domestic product (GDP) (%),numeric,EUR,Europe,Country,SVN,Slovenia,Year,2020,FALSE,,,,,,,,,,,,,9.43,,,,,,9.43,,,EN,2023-12-05
GHED_CHEGDP_SHA2011,Current health expenditure (CHE) as percentage of gross domestic product (GDP) (%),numeric,EUR,Europe,Country,SWE,Sweden,Year,2021,TRUE,,,,,,,,,,,,,11.25,,,,,,11.25,,,EN,2023-12-05
GHED_CHEGDP_SHA2011,Current health expenditure (CHE) as percentage of gross domestic product (GDP) (%),numeric,EUR,Europe,Country,SWE,Sweden,Year,2020,FALSE,,,,,,,,,,,,,11.33,,,,,,11.33,,,EN,2023-12-05
GHED_CHEGDP_SHA2011,Current health expenditure (CHE) as percentage of gross domestic product (GDP) (%),numeric,AFR,Africa,Country,SWZ,Eswatini,Year,2021,TRUE,,,,,,,,,,,,,7.04,,,,,,7.04,,,EN,2023-12-05
GHED_CHEGDP_SHA2011,Current health expenditure (CHE) as percentage of gross domestic product (GDP) (%),numeric,AFR,Africa,Country,SWZ,Eswatini,Year,2020,FALSE,,,,,,,,,,,,,6.60,,,,,,6.60,,,EN,2023-12-05
GHED_CHEGDP_SHA2011,Current health expenditure (CHE) as percentage of gross domestic product (GDP) (%),numeric,AFR,Africa,Country,SYC,Seychelles,Year,2021,TRUE,,,,,,,,,,,,,5.26,,,,,,5.26,,,EN,2023-12-05
GHED_CHEGDP_SHA2011,Current health expenditure (CHE) as percentage of gross domestic product (GDP) (%),numeric,AFR,Africa,Country,SYC,Seychelles,Year,2020,FALSE,,,,,,,,,,,,,6.54,,,,,,6.54,,,EN,2023-12-05
GHED_CHEGDP_SHA2011,Current health expenditure (CHE) as percentage of gross domestic product (GDP) (%),numeric,EMR,Eastern Mediterranean,Country,SYR,Syria,Year,2012,TRUE,,,,,,,,,,,,,3.05,,,,,,3.05,,,EN,2023-12-05
GHED_CHEGDP_SHA2011,Current health expenditure (CHE) as percentage of gross domestic product (GDP) (%),numeric,AFR,Africa,Country,TCD,Chad,Year,2021,TRUE,,,,,,,,,,,,,5.19,,,,,,5.19,,,EN,2023-12-05
GHED_CHEGDP_SHA2011,Current health expenditure (CHE) as percentage of gross domestic product (GDP) (%),numeric,AFR,Africa,Country,TCD,Chad,Year,2020,FALSE,,,,,,,,,,,,,5.54,,,,,,5.54,,,EN,2023-12-05
GHED_CHEGDP_SHA2011,Current health expenditure (CHE) as percentage of gross domestic product (GDP) (%),numeric,AFR,Africa,Country,TGO,Togo,Year,2021,TRUE,,,,,,,,,,,,,5.56,,,,,,5.56,,,EN,2023-12-05
GHED_CHEGDP_SHA2011,Current health expenditure (CHE) as percentage of gross domestic product (GDP) (%),numeric,AFR,Africa,Country,TGO,Togo,Year,2020,FALSE,,,,,,,,,,,,,6.04,,,,,,6.04,,,EN,2023-12-05
GHED_CHEGDP_SHA2011,Current health expenditure (CHE) as percentage of gross domestic product (GDP) (%),numeric,SEAR,South-East Asia,Country,THA,Thailand,Year,2021,TRUE,,,,,,,,,,,,,5.16,,,,,,5.16,,,EN,2023-12-05
GHED_CHEGDP_SHA2011,Current health expenditure (CHE) as percentage of gross domestic product (GDP) (%),numeric,SEAR,South-East Asia,Country,THA,Thailand,Year,2020,FALSE,,,,,,,,,,,,,4.36,,,,,,4.36,,,EN,2023-12-05
GHED_CHEGDP_SHA2011,Current health expenditure (CHE) as percentage of gross domestic product (GDP) (%),numeric,EUR,Europe,Country,TJK,Tajikistan,Year,2021,TRUE,,,,,,,,,,,,,8.01,,,,,,8.01,,,EN,2023-12-05
GHED_CHEGDP_SHA2011,Current health expenditure (CHE) as percentage of gross domestic product (GDP) (%),numeric,EUR,Europe,Country,TJK,Tajikistan,Year,2020,FALSE,,,,,,,,,,,,,8.18,,,,,,8.18,,,EN,2023-12-05
GHED_CHEGDP_SHA2011,Current health expenditure (CHE) as percentage of gross domestic product (GDP) (%),numeric,EUR,Europe,Country,TKM,Turkmenistan,Year,2021,TRUE,,,,,,,,,,,,,5.57,,,,,,5.57,,,EN,2023-12-05
GHED_CHEGDP_SHA2011,Current health expenditure (CHE) as percentage of gross domestic product (GDP) (%),numeric,EUR,Europe,Country,TKM,Turkmenistan,Year,2020,FALSE,,,,,,,,,,,,,5.68,,,,,,5.68,,,EN,2023-12-05
GHED_CHEGDP_SHA2011,Current health expenditure (CHE) as percentage of gross domestic product (GDP) (%),numeric,SEAR,South-East Asia,Country,TLS,Timor-Leste,Year,2021,TRUE,,,,,,,,,,,,,11.44,,,,,,11.44,,,EN,2023-12-05
GHED_CHEGDP_SHA2011,Current health expenditure (CHE) as percentage of gross domestic product (GDP) (%),numeric,SEAR,South-East Asia,Country,TLS,Timor-Leste,Year,2020,FALSE,,,,,,,,,,,,,9.96,,,,,,9.96,,,EN,2023-12-05
GHED_CHEGDP_SHA2011,Current health expenditure (CHE) as percentage of gross domestic product (GDP) (%),numeric,WPR,Western Pacific,Country,TON,Tonga,Year,2021,TRUE,,,,,,,,,,,,,6.27,,,,,,6.27,,,EN,2023-12-05
GHED_CHEGDP_SHA2011,Current health expenditure (CHE) as percentage of gross domestic product (GDP) (%),numeric,WPR,Western Pacific,Country,TON,Tonga,Year,2020,FALSE,,,,,,,,,,,,,5.33,,,,,,5.33,,,EN,2023-12-05
GHED_CHEGDP_SHA2011,Current health expenditure (CHE) as percentage of gross domestic product (GDP) (%),numeric,AMR,Americas,Country,TTO,Trinidad and Tobago,Year,2021,TRUE,,,,,,,,,,,,,7.02,,,,,,7.02,,,EN,2023-12-05
GHED_CHEGDP_SHA2011,Current health expenditure (CHE) as percentage of gross domestic product (GDP) (%),numeric,AMR,Americas,Country,TTO,Trinidad and Tobago,Year,2020,FALSE,,,,,,,,,,,,,7.54,,,,,,7.54,,,EN,2023-12-05
GHED_CHEGDP_SHA2011,Current health expenditure (CHE) as percentage of gross domestic product (GDP) (%),numeric,EMR,Eastern Mediterranean,Country,TUN,Tunisia,Year,2021,TRUE,,,,,,,,,,,,,6.97,,,,,,6.97,,,EN,2023-12-05
GHED_CHEGDP_SHA2011,Current health expenditure (CHE) as percentage of gross domestic product (GDP) (%),numeric,EMR,Eastern Mediterranean,Country,TUN,Tunisia,Year,2020,FALSE,,,,,,,,,,,,,7.05,,,,,,7.05,,,EN,2023-12-05
GHED_CHEGDP_SHA2011,Current health expenditure (CHE) as percentage of gross domestic product (GDP) (%),numeric,EUR,Europe,Country,TUR,Turkey,Year,2021,TRUE,,,,,,,,,,,,,4.57,,,,,,4.57,,,EN,2023-12-05
GHED_CHEGDP_SHA2011,Current health expenditure (CHE) as percentage of gross domestic product (GDP) (%),numeric,EUR,Europe,Country,TUR,Turkey,Year,2020,FALSE,,,,,,,,,,,,,4.62,,,,,,4.62,,,EN,2023-12-05
GHED_CHEGDP_SHA2011,Current health expenditure (CHE) as percentage of gross domestic product (GDP) (%),numeric,WPR,Western Pacific,Country,TUV,Tuvalu,Year,2021,TRUE,,,,,,,,,,,,,19.97,,,,,,19.97,,,EN,2023-12-05
GHED_CHEGDP_SHA2011,Current health expenditure (CHE) as percentage of gross domestic product (GDP) (%),numeric,WPR,Western Pacific,Country,TUV,Tuvalu,Year,2020,FALSE,,,,,,,,,,,,,18.86,,,,,,18.86,,,EN,2023-12-05
GHED_CHEGDP_SHA2011,Current health expenditure (CHE) as percentage of gross domestic product (GDP) (%),numeric,AFR,Africa,Country,TZA,Tanzania,Year,2021,TRUE,,,,,,,,,,,,,3.36,,,,,,3.36,,,EN,2023-12-05
GHED_CHEGDP_SHA2011,Current health expenditure (CHE) as percentage of gross domestic product (GDP) (%),numeric,AFR,Africa,Country,TZA,Tanzania,Year,2020,FALSE,,,,,,,,,,,,,2.94,,,,,,2.94,,,EN,2023-12-05
GHED_CHEGDP_SHA2011,Current health expenditure (CHE) as percentage of gross domestic product (GDP) (%),numeric,AFR,Africa,Country,UGA,Uganda,Year,2021,TRUE,,,,,,,,,,,,,4.67,,,,,,4.67,,,EN,2023-12-05
GHED_CHEGDP_SHA2011,Current health expenditure (CHE) as percentage of gross domestic product (GDP) (%),numeric,AFR,Africa,Country,UGA,Uganda,Year,2020,FALSE,,,,,,,,,,,,,4.30,,,,,,4.30,,,EN,2023-12-05
GHED_CHEGDP_SHA2011,Current health expenditure (CHE) as percentage of gross domestic product (GDP) (%),numeric,EUR,Europe,Country,UKR,Ukraine,Year,2021,TRUE,,,,,,,,,,,,,8.01,,,,,,8.01,,,EN,2023-12-05
GHED_CHEGDP_SHA2011,Current health expenditure (CHE) as percentage of gross domestic product (GDP) (%),numeric,EUR,Europe,Country,UKR,Ukraine,Year,2020,FALSE,,,,,,,,,,,,,7.56,,,,,,7.56,,,EN,2023-12-05
GHED_CHEGDP_SHA2011,Current health expenditure (CHE) as percentage of gross domestic product (GDP) (%),numeric,AMR,Americas,Country,URY,Uruguay,Year,2021,TRUE,,,,,,,,,,,,,9.36,,,,,,9.36,,,EN,2023-12-05
GHED_CHEGDP_SHA2011,Current health expenditure (CHE) as percentage of gross domestic product (GDP) (%),numeric,AMR,Americas,Country,URY,Uruguay,Year,2020,FALSE,,,,,,,,,,,,,9.14,,,,,,9.14,,,EN,2023-12-05
GHED_CHEGDP_SHA2011,Current health expenditure (CHE) as percentage of gross domestic product (GDP) (%),numeric,AMR,Americas,Country,USA,US,Year,2021,TRUE,,,,,,,,,,,,,17.36,,,,,,17.36,,,EN,2023-12-05
GHED_CHEGDP_SHA2011,Current health expenditure (CHE) as percentage of gross domestic product (GDP) (%),numeric,AMR,Americas,Country,USA,US,Year,2020,FALSE,,,,,,,,,,,,,18.76,,,,,,18.76,,,EN,2023-12-05
GHED_CHEGDP_SHA2011,Current health expenditure (CHE) as percentage of gross domestic product (GDP) (%),numeric,EUR,Europe,Country,UZB,Uzbekistan,Year,2021,TRUE,,,,,,,,,,,,,7.74,,,,,,7.74,,,EN,2023-12-05
GHED_CHEGDP_SHA2011,Current health expenditure (CHE) as percentage of gross domestic product (GDP) (%),numeric,EUR,Europe,Country,UZB,Uzbekistan,Year,2020,FALSE,,,,,,,,,,,,,6.75,,,,,,6.75,,,EN,2023-12-05
GHED_CHEGDP_SHA2011,Current health expenditure (CHE) as percentage of gross domestic product (GDP) (%),numeric,AMR,Americas,Country,VCT,Saint Vincent and the Grenadines,Year,2021,TRUE,,,,,,,,,,,,,5.36,,,,,,5.36,,,EN,2023-12-05
GHED_CHEGDP_SHA2011,Current health expenditure (CHE) as percentage of gross domestic product (GDP) (%),numeric,AMR,Americas,Country,VCT,Saint Vincent and the Grenadines,Year,2020,FALSE,,,,,,,,,,,,,4.84,,,,,,4.84,,,EN,2023-12-05
GHED_CHEGDP_SHA2011,Current health expenditure (CHE) as percentage of gross domestic product (GDP) (%),numeric,AMR,Americas,Country,VEN,Venezuela,Year,2021,TRUE,,,,,,,,,,,,,4.04,,,,,,4.04,,,EN,2023-12-05
GHED_CHEGDP_SHA2011,Current health expenditure (CHE) as percentage of gross domestic product (GDP) (%),numeric,AMR,Americas,Country,VEN,Venezuela,Year,2020,FALSE,,,,,,,,,,,,,4.09,,,,,,4.09,,,EN,2023-12-05
GHED_CHEGDP_SHA2011,Current health expenditure (CHE) as percentage of gross domestic product (GDP) (%),numeric,WPR,Western Pacific,Country,VNM,Vietnam,Year,2021,TRUE,,,,,,,,,,,,,4.59,,,,,,4.59,,,EN,2023-12-05
GHED_CHEGDP_SHA2011,Current health expenditure (CHE) as percentage of gross domestic product (GDP) (%),numeric,WPR,Western Pacific,Country,VNM,Vietnam,Year,2020,FALSE,,,,,,,,,,,,,4.30,,,,,,4.30,,,EN,2023-12-05
GHED_CHEGDP_SHA2011,Current health expenditure (CHE) as percentage of gross domestic product (GDP) (%),numeric,WPR,Western Pacific,Country,VUT,Vanuatu,Year,2021,TRUE,,,,,,,,,,,,,4.37,,,,,,4.37,,,EN,2023-12-05
GHED_CHEGDP_SHA2011,Current health expenditure (CHE) as percentage of gross domestic product (GDP) (%),numeric,WPR,Western Pacific,Country,VUT,Vanuatu,Year,2020,FALSE,,,,,,,,,,,,,3.99,,,,,,3.99,,,EN,2023-12-05
GHED_CHEGDP_SHA2011,Current health expenditure (CHE) as percentage of gross domestic product (GDP) (%),numeric,WPR,Western Pacific,Country,WSM,Samoa,Year,2021,TRUE,,,,,,,,,,,,,6.80,,,,,,6.80,,,EN,2023-12-05
GHED_CHEGDP_SHA2011,Current health expenditure (CHE) as percentage of gross domestic product (GDP) (%),numeric,WPR,Western Pacific,Country,WSM,Samoa,Year,2020,FALSE,,,,,,,,,,,,,6.19,,,,,,6.19,,,EN,2023-12-05
GHED_CHEGDP_SHA2011,Current health expenditure (CHE) as percentage of gross domestic product (GDP) (%),numeric,EMR,Eastern Mediterranean,Country,YEM,Yemen,Year,2015,TRUE,,,,,,,,,,,,,4.25,,,,,,4.25,,,EN,2023-12-05
GHED_CHEGDP_SHA2011,Current health expenditure (CHE) as percentage of gross domestic product (GDP) (%),numeric,AFR,Africa,Country,ZAF,South Africa,Year,2021,TRUE,,,,,,,,,,,,,8.27,,,,,,8.27,,,EN,2023-12-05
GHED_CHEGDP_SHA2011,Current health expenditure (CHE) as percentage of gross domestic product (GDP) (%),numeric,AFR,Africa,Country,ZAF,South Africa,Year,2020,FALSE,,,,,,,,,,,,,8.57,,,,,,8.57,,,EN,2023-12-05
GHED_CHEGDP_SHA2011,Current health expenditure (CHE) as percentage of gross domestic product (GDP) (%),numeric,AFR,Africa,Country,ZMB,Zambia,Year,2021,TRUE,,,,,,,,,,,,,6.62,,,,,,6.62,,,EN,2023-12-05
GHED_CHEGDP_SHA2011,Current health expenditure (CHE) as percentage of gross domestic product (GDP) (%),numeric,AFR,Africa,Country,ZMB,Zambia,Year,2020,FALSE,,,,,,,,,,,,,6.32,,,,,,6.32,,,EN,2023-12-05
GHED_CHEGDP_SHA2011,Current health expenditure (CHE) as percentage of gross domestic product (GDP) (%),numeric,AFR,Africa,Country,ZWE,Zimbabwe,Year,2021,TRUE,,,,,,,,,,,,,2.79,,,,,,2.79,,,EN,2023-12-05
GHED_CHEGDP_SHA2011,Current health expenditure (CHE) as percentage of gross domestic product (GDP) (%),numeric,AFR,Africa,Country,ZWE,Zimbabwe,Year,2020,FALSE,,,,,,,,,,,,,2.95,,,,,,2.95,,,EN,2023-12-05
